timestamp,open,high,low,close,volume
2018-01-01,14112.20019531,14112.20019531,13154.70019531,13657.20019531,10291200000
2018-01-02,13625.00000000,15444.59960938,13163.59960938,14982.09960938,16846600192
2018-01-03,14978.20019531,15572.79980469,14844.50000000,15201.00000000,16871900160
2018-01-04,15270.70019531,15739.70019531,14522.20019531,15599.20019531,21783199744
2018-01-05,15477.20019531,17705.19921875,15202.79980469,17429.50000000,23840899072
2018-01-06,17462.09960938,17712.40039062,16764.59960938,17527.00000000,18314600448
2018-01-07,17527.30078125,17579.59960938,16087.70019531,16477.59960938,15866000384
2018-01-08,16476.19921875,16537.90039062,14208.20019531,15170.09960938,18413899776
2018-01-09,15123.70019531,15497.50000000,14424.00000000,14595.40039062,16659999744
2018-01-10,14588.50000000,14973.29980469,13691.20019531,14973.29980469,18500800512
2018-01-11,14968.20019531,15018.79980469,13105.90039062,13405.79980469,16534099968
2018-01-12,13453.90039062,14229.90039062,13158.09960938,13980.59960938,12065699840
2018-01-13,13952.40039062,14659.50000000,13952.40039062,14360.20019531,12763599872
2018-01-14,14370.79980469,14511.79980469,13268.00000000,13772.00000000,11084099584
2018-01-15,13767.29980469,14445.50000000,13641.70019531,13819.79980469,12750799872
2018-01-16,13836.09960938,13843.09960938,10194.90039062,11490.50000000,18853799936
2018-01-17,11431.09960938,11678.00000000,9402.29003906,11188.59960938,18830600192
2018-01-18,11198.79980469,12107.29980469,10942.50000000,11474.90039062,15020399616
2018-01-19,11429.79980469,11992.79980469,11172.09960938,11607.40039062,10740400128
2018-01-20,11656.20019531,13103.00000000,11656.20019531,12899.20019531,11801700352
2018-01-21,12889.20019531,12895.90039062,11288.20019531,11600.09960938,9935179776
2018-01-22,11633.09960938,11966.40039062,10240.20019531,10931.40039062,10537400320
2018-01-23,10944.50000000,11377.59960938,10129.70019531,10868.40039062,9660609536
2018-01-24,10903.40039062,11501.40039062,10639.79980469,11359.40039062,9940989952
2018-01-25,11421.70019531,11785.70019531,11057.40039062,11259.40039062,8873169920
2018-01-26,11256.00000000,11656.70019531,10470.29980469,11171.40039062,9746199552
2018-01-27,11174.90039062,11614.90039062,10989.20019531,11440.70019531,7583269888
2018-01-28,11475.29980469,12040.29980469,11475.29980469,11786.29980469,8350360064
2018-01-29,11755.50000000,11875.59960938,11179.20019531,11296.40039062,7107359744
2018-01-30,11306.79980469,11307.20019531,10036.20019531,10106.29980469,8637859840
2018-01-31,10108.20019531,10381.59960938,9777.41992188,10221.09960938,8041160192
2018-02-01,10237.29980469,10288.79980469,8812.28027344,9170.54003906,9959400448
2018-02-02,9142.28027344,9142.28027344,7796.49023438,8830.75000000,12726899712
2018-02-03,8852.12011719,9430.75000000,8251.62988281,9174.91015625,7263790080
2018-02-04,9175.70019531,9334.87011719,8031.22021484,8277.00976562,7073549824
2018-02-05,8270.54003906,8364.83984375,6756.68017578,6955.27001953,9285289984
2018-02-06,7051.75000000,7850.70019531,6048.25976562,7754.00000000,13999800320
2018-02-07,7755.49023438,8509.11035156,7236.79003906,7621.29980469,9169280000
2018-02-08,7637.85986328,8558.76953125,7637.85986328,8265.58984375,9346750464
2018-02-09,8271.83984375,8736.98046875,7884.70996094,8736.98046875,6784820224
2018-02-10,8720.08007812,9122.54980469,8295.46972656,8621.90039062,7780960256
2018-02-11,8616.12988281,8616.12988281,7931.10009766,8129.97021484,6122189824
2018-02-12,8141.43017578,8985.91992188,8141.43017578,8926.57031250,6256439808
2018-02-13,8926.71972656,8958.46972656,8455.41015625,8598.30957031,5696719872
2018-02-14,8599.91992188,9518.54003906,8599.91992188,9494.62988281,7909819904
2018-02-15,9488.32031250,10234.79980469,9395.58007812,10166.40039062,9062540288
2018-02-16,10135.70019531,10324.09960938,9824.82031250,10233.90039062,7296159744
2018-02-17,10207.50000000,11139.50000000,10149.40039062,11112.70019531,8660880384
2018-02-18,11123.40039062,11349.79980469,10326.00000000,10551.79980469,8744009728
2018-02-19,10552.59960938,11273.79980469,10513.20019531,11225.29980469,7652089856
2018-02-20,11231.79980469,11958.50000000,11231.79980469,11403.70019531,9926540288
2018-02-21,11372.20019531,11418.50000000,10479.09960938,10690.40039062,9405339648
2018-02-22,10660.40039062,11039.09960938,9939.08984375,10005.00000000,8040079872
2018-02-23,9937.07031250,10487.29980469,9734.55957031,10301.09960938,7739500032
2018-02-24,10287.70019531,10597.20019531,9546.96972656,9813.07031250,6917929984
2018-02-25,9796.41992188,9923.21972656,9407.05957031,9664.73046875,5706939904
2018-02-26,9669.42968750,10475.00000000,9501.73046875,10366.70019531,7287690240
2018-02-27,10393.90039062,10878.50000000,10246.09960938,10725.59960938,6966179840
2018-02-28,10687.20019531,11089.79980469,10393.09960938,10397.90039062,6936189952
2018-03-01,10385.00000000,11052.29980469,10352.70019531,10951.00000000,7317279744
2018-03-02,10977.40039062,11189.00000000,10850.09960938,11086.40039062,7620590080
2018-03-03,11101.90039062,11528.20019531,11002.40039062,11489.70019531,6690570240
2018-03-04,11497.40039062,11512.59960938,11136.09960938,11512.59960938,6084149760
2018-03-05,11532.40039062,11704.09960938,11443.90039062,11573.29980469,6468539904
2018-03-06,11500.09960938,11500.09960938,10694.29980469,10779.90039062,6832169984
2018-03-07,10803.90039062,10929.50000000,9692.12011719,9965.57031250,8797910016
2018-03-08,9951.44042969,10147.40039062,9335.87011719,9395.00976562,7186089984
2018-03-09,9414.69042969,9466.34960938,8513.03027344,9337.54980469,8704190464
2018-03-10,9350.58984375,9531.32031250,8828.46972656,8866.00000000,5386319872
2018-03-11,8852.78027344,9711.88964844,8607.12011719,9578.62988281,6296370176
2018-03-12,9602.92968750,9937.50000000,8956.42968750,9205.12011719,6457399808
2018-03-13,9173.04003906,9470.37988281,8958.19042969,9194.84960938,5991139840
2018-03-14,9214.65039062,9355.84960938,8068.58984375,8269.80957031,6438230016
2018-03-15,8290.75976562,8428.34960938,7783.04980469,8300.86035156,6834429952
2018-03-16,8322.91015625,8585.15039062,8005.31005859,8338.34960938,5289379840
2018-03-17,8321.91015625,8346.53027344,7812.81982422,7916.87988281,4426149888
2018-03-18,7890.52001953,8245.50976562,7397.99023438,8223.67968750,6639190016
2018-03-19,8344.12011719,8675.87011719,8182.39990234,8630.65039062,6729110016
2018-03-20,8619.66992188,9051.01953125,8389.88964844,8913.46972656,6361789952
2018-03-21,8937.48046875,9177.37011719,8846.33007812,8929.28027344,6043129856
2018-03-22,8939.44042969,9100.70996094,8564.90039062,8728.46972656,5530390016
2018-03-23,8736.25000000,8879.62011719,8360.62011719,8879.62011719,5954120192
2018-03-24,8901.95019531,8996.17968750,8665.70019531,8668.12011719,5664600064
2018-03-25,8612.80957031,8682.00976562,8449.09960938,8495.78027344,4569880064
2018-03-26,8498.46972656,8530.08007812,7921.43017578,8209.40039062,5921039872
2018-03-27,8200.00000000,8232.78027344,7797.27978516,7833.04003906,5378250240
2018-03-28,7836.83007812,8122.89013672,7809.16992188,7954.47998047,4935289856
2018-03-29,7979.06982422,7994.33007812,7081.37988281,7165.70019531,6361229824
2018-03-30,7171.45019531,7276.66015625,6683.93017578,6890.52001953,6289509888
2018-03-31,6892.47998047,7207.85009766,6863.52001953,6973.52978516,4553269760
2018-04-01,7003.06005859,7060.95019531,6526.87011719,6844.22998047,4532100096
2018-04-02,6844.85986328,7135.47021484,6816.58007812,7083.79980469,4333440000
2018-04-03,7102.25976562,7530.93994141,7072.49023438,7456.10986328,5499700224
2018-04-04,7456.41015625,7469.87988281,6803.87988281,6853.83984375,4936000000
2018-04-05,6848.64990234,6933.81982422,6644.79980469,6811.47021484,5639320064
2018-04-06,6815.95996094,6857.49023438,6575.00000000,6636.31982422,3766810112
2018-04-07,6630.50976562,7050.54003906,6630.50976562,6911.08984375,3976610048
2018-04-08,6919.97998047,7111.56005859,6919.97998047,7023.52001953,3652499968
2018-04-09,7044.31982422,7178.10986328,6661.99023438,6770.72998047,4894060032
2018-04-10,6795.43994141,6872.41015625,6704.14990234,6834.75976562,4272750080
2018-04-11,6843.47021484,6968.31982422,6817.58984375,6968.31982422,4641889792
2018-04-12,6955.37988281,7899.22998047,6806.50976562,7889.25000000,8906250240
2018-04-13,7901.08984375,8183.95996094,7758.93017578,7895.95996094,7764460032
2018-04-14,7874.66992188,8140.70996094,7846.00000000,7986.24023438,5191430144
2018-04-15,7999.33007812,8338.41992188,7999.33007812,8329.11035156,5244480000
2018-04-16,8337.57031250,8371.15039062,7925.72998047,8058.66992188,5631309824
2018-04-17,8071.66015625,8285.95996094,7881.72021484,7902.08984375,6900879872
2018-04-18,7944.43017578,8197.79980469,7886.00976562,8163.41992188,6529909760
2018-04-19,8159.27001953,8298.69042969,8138.77978516,8294.30957031,7063209984
2018-04-20,8286.87988281,8880.23046875,8244.54003906,8845.83007812,8438110208
2018-04-21,8848.79003906,8997.57031250,8652.15039062,8895.58007812,7548550144
2018-04-22,8925.05957031,9001.63964844,8779.61035156,8802.45996094,6629899776
2018-04-23,8794.38964844,8958.54980469,8788.80957031,8930.87988281,6925190144
2018-04-24,8934.33984375,9732.61035156,8927.83007812,9697.50000000,10678800384
2018-04-25,9701.03027344,9745.32031250,8799.83984375,8845.74023438,11083100160
2018-04-26,8867.32031250,9281.50976562,8727.08984375,9281.50976562,8970559488
2018-04-27,9290.62988281,9375.46972656,8987.04980469,8987.04980469,7566289920
2018-04-28,8939.26953125,9412.08984375,8931.99023438,9348.48046875,7805479936
2018-04-29,9346.41015625,9531.49023438,9193.70996094,9419.08007812,8853000192
2018-04-30,9426.11035156,9477.13964844,9166.80957031,9240.54980469,8673920000
2018-05-01,9251.46972656,9255.87988281,8891.04980469,9119.00976562,7713019904
2018-05-02,9104.59960938,9256.51953125,9015.13964844,9235.91992188,7558159872
2018-05-03,9233.96972656,9798.33007812,9188.15039062,9743.86035156,10207299584
2018-05-04,9695.50000000,9779.20019531,9585.95996094,9700.75976562,8217829888
2018-05-05,9700.28027344,9964.50000000,9695.12011719,9858.15039062,7651939840
2018-05-06,9845.30957031,9940.13964844,9465.25000000,9654.79980469,7222280192
2018-05-07,9645.66992188,9665.84960938,9231.53027344,9373.00976562,7394019840
2018-05-08,9380.87011719,9462.75000000,9127.76953125,9234.82031250,7415869952
2018-05-09,9223.73046875,9374.75976562,9031.62011719,9325.17968750,7226890240
2018-05-10,9325.95996094,9396.04003906,9040.51953125,9043.94042969,6906699776
2018-05-11,9052.95996094,9052.95996094,8394.45996094,8441.49023438,8488520192
2018-05-12,8441.44042969,8664.86035156,8223.50000000,8504.88964844,6821380096
2018-05-13,8515.49023438,8773.54980469,8395.12011719,8723.94042969,5866379776
2018-05-14,8713.09960938,8881.12011719,8367.96972656,8716.79003906,7364149760
2018-05-15,8705.19042969,8836.19042969,8456.45019531,8510.37988281,6705710080
2018-05-16,8504.41015625,8508.42968750,8175.49023438,8368.83007812,6760220160
2018-05-17,8370.04980469,8445.54003906,8054.12011719,8094.31982422,5862530048
2018-05-18,8091.83007812,8274.12011719,7974.81982422,8250.96972656,5764190208
2018-05-19,8255.73046875,8372.05957031,8183.35009766,8247.17968750,4712399872
2018-05-20,8246.99023438,8562.41015625,8205.24023438,8513.25000000,5191059968
2018-05-21,8522.33007812,8557.51953125,8365.12011719,8418.99023438,5154990080
2018-05-22,8419.87011719,8423.25000000,8004.58007812,8041.77978516,5137010176
2018-05-23,8037.08007812,8054.66015625,7507.87988281,7557.81982422,6491120128
2018-05-24,7561.12011719,7738.60009766,7331.14013672,7587.33984375,6049220096
2018-05-25,7592.29980469,7659.14013672,7392.64990234,7480.14013672,4867829760
2018-05-26,7486.47998047,7595.16015625,7349.12011719,7355.87988281,4051539968
2018-05-27,7362.08007812,7381.74023438,7270.95996094,7368.22021484,4056519936
2018-05-28,7371.31005859,7419.04980469,7100.89013672,7135.99023438,5040600064
2018-05-29,7129.45996094,7526.41992188,7090.68017578,7472.58984375,5662660096
2018-05-30,7469.72998047,7573.77001953,7313.60009766,7406.52001953,4922540032
2018-05-31,7406.14990234,7608.89990234,7361.12988281,7494.16992188,5127130112
2018-06-01,7500.70019531,7604.72998047,7407.33984375,7541.45019531,4921460224
2018-06-02,7536.72021484,7695.83007812,7497.25976562,7643.45019531,4939299840
2018-06-03,7632.08984375,7754.89013672,7613.04003906,7720.25000000,4851760128
2018-06-04,7722.52978516,7753.81982422,7474.04003906,7514.47021484,4993169920
2018-06-05,7500.89990234,7643.22998047,7397.00000000,7633.75976562,4961739776
2018-06-06,7625.97021484,7680.43017578,7502.00976562,7653.97998047,4692259840
2018-06-07,7650.81982422,7741.27001953,7650.81982422,7678.24023438,4485799936
2018-06-08,7685.14013672,7698.18994141,7558.39990234,7624.91992188,4227579904
2018-06-09,7632.52001953,7683.58007812,7531.97998047,7531.97998047,3845220096
2018-06-10,7499.54980469,7499.54980469,6709.06982422,6786.02001953,5804839936
2018-06-11,6799.29003906,6910.18017578,6706.62988281,6906.91992188,4745269760
2018-06-12,6905.81982422,6907.95996094,6542.08007812,6582.35986328,4654380032
2018-06-13,6596.87988281,6631.66015625,6285.62988281,6349.89990234,5052349952
2018-06-14,6342.75000000,6707.14013672,6334.45996094,6675.35009766,5138710016
2018-06-15,6674.08007812,6681.08007812,6433.87011719,6456.58007812,3955389952
2018-06-16,6455.45019531,6592.49023438,6402.29003906,6550.16015625,3194170112
2018-06-17,6545.52978516,6589.10986328,6499.27001953,6499.27001953,3104019968
2018-06-18,6510.06982422,6781.14013672,6446.68017578,6734.81982422,4039200000
2018-06-19,6742.39013672,6822.50000000,6709.91992188,6769.93994141,4057029888
2018-06-20,6770.75976562,6821.56005859,6611.87988281,6776.54980469,3888640000
2018-06-21,6780.08984375,6810.93994141,6715.16992188,6729.74023438,3529129984
2018-06-22,6737.87988281,6747.08007812,6006.60009766,6083.68994141,5079810048
2018-06-23,6090.10009766,6224.81982422,6071.81005859,6162.47998047,3431360000
2018-06-24,6164.27978516,6223.77978516,5826.41015625,6173.22998047,4566909952
2018-06-25,6171.97021484,6327.37011719,6119.68017578,6249.18017578,5500810240
2018-06-26,6253.54980469,6290.16015625,6093.66992188,6093.66992188,3279759872
2018-06-27,6084.39990234,6180.00000000,6052.85009766,6157.12988281,3296219904
2018-06-28,6153.16015625,6170.41015625,5873.04980469,5903.43994141,3467800064
2018-06-29,5898.12988281,6261.66015625,5835.75000000,6218.29980469,3966230016
2018-06-30,6214.22021484,6465.50976562,6214.22021484,6404.00000000,4543860224
2018-07-01,6411.68017578,6432.85009766,6289.29003906,6385.81982422,4788259840
2018-07-02,6380.37988281,6683.85986328,6305.70019531,6614.18017578,4396930048
2018-07-03,6596.66015625,6671.37011719,6447.75000000,6529.58984375,4672309760
2018-07-04,6550.87011719,6771.91992188,6450.45996094,6597.54980469,4176689920
2018-07-05,6599.70996094,6749.54003906,6546.64990234,6639.14013672,4999240192
2018-07-06,6638.68994141,6700.93994141,6533.54980469,6673.50000000,4313959936
2018-07-07,6668.70996094,6863.99023438,6579.24023438,6856.93017578,3961080064
2018-07-08,6857.79980469,6885.91015625,6747.97998047,6773.87988281,3386210048
2018-07-09,6775.08007812,6838.68017578,6724.33984375,6741.75000000,3718129920
2018-07-10,6739.20996094,6767.74023438,6320.72021484,6329.95019531,4052430080
2018-07-11,6330.77001953,6444.95996094,6330.47021484,6394.70996094,3644859904
2018-07-12,6396.77978516,6397.10009766,6136.41992188,6228.81005859,3770170112
2018-07-13,6235.02978516,6310.54980469,6192.24023438,6238.04980469,3805400064
2018-07-14,6247.50000000,6298.18994141,6212.22021484,6276.12011719,2923670016
2018-07-15,6272.70019531,6403.45996094,6256.50976562,6359.64013672,3285459968
2018-07-16,6357.00976562,6741.75000000,6357.00976562,6741.75000000,4725799936
2018-07-17,6739.64990234,7387.24023438,6684.16992188,7321.04003906,5961950208
2018-07-18,7315.31982422,7534.99023438,7280.47021484,7370.77978516,6103410176
2018-07-19,7378.20019531,7494.45996094,7295.45996094,7466.85986328,5111629824
2018-07-20,7467.39990234,7594.66992188,7323.25976562,7354.12988281,4936869888
2018-07-21,7352.72021484,7437.64013672,7262.41015625,7419.29003906,3726609920
2018-07-22,7417.79980469,7537.95019531,7383.81982422,7418.49023438,3695460096
2018-07-23,7414.70996094,7771.50000000,7409.10009766,7711.10986328,5132480000
2018-07-24,7716.50976562,8424.26953125,7705.50000000,8424.26953125,7277689856
2018-07-25,8379.66015625,8416.87011719,8086.35986328,8181.39013672,5845400064
2018-07-26,8176.85009766,8290.33007812,7878.70996094,7951.58007812,4899089920
2018-07-27,7950.39990234,8262.66015625,7839.75976562,8165.00976562,5195879936
2018-07-28,8169.06005859,8222.84960938,8110.77001953,8192.15039062,3988750080
2018-07-29,8205.82031250,8272.25976562,8141.18017578,8218.45996094,4107190016
2018-07-30,8221.58007812,8235.50000000,7917.50000000,8180.47998047,5551400000
2018-07-31,8181.20019531,8181.52978516,7696.93017578,7780.43994141,5287530000
2018-08-01,7769.04003906,7769.04003906,7504.95019531,7624.91015625,4797620000
2018-08-02,7634.18994141,7712.77001953,7523.43994141,7567.14990234,4214110000
2018-08-03,7562.14013672,7562.14013672,7328.64990234,7434.39013672,4627150000
2018-08-04,7438.66992188,7497.49023438,6984.06982422,7032.85009766,4268390000
2018-08-05,7031.08007812,7102.77001953,6940.70019531,7068.47998047,3679110000
2018-08-06,7062.93994141,7166.54980469,6890.54003906,6951.79980469,3925900000
2018-08-07,6958.31982422,7146.56005859,6748.24023438,6753.12011719,4682800000
2018-08-08,6746.85009766,6746.85009766,6226.22021484,6305.79980469,5064430000
2018-08-09,6305.56005859,6625.72998047,6249.06982422,6568.22998047,4267040000
2018-08-10,6571.41992188,6591.25976562,6124.52001953,6184.70996094,4528680000
2018-08-11,6185.79003906,6455.74023438,6109.02978516,6295.72998047,4047850000
2018-08-12,6283.64990234,6409.85009766,6237.50000000,6322.68994141,5665250000
2018-08-13,6341.35986328,6537.04980469,6225.72021484,6297.56982422,4083980000
2018-08-14,6287.66015625,6287.93994141,5971.04980469,6199.70996094,5301700000
2018-08-15,6221.41992188,6588.49023438,6221.41992188,6308.52001953,4895450000
2018-08-16,6294.22998047,6473.50000000,6276.41015625,6334.72998047,4328420000
2018-08-17,6340.91015625,6582.50000000,6324.97021484,6580.62988281,4992990000
2018-08-18,6583.43017578,6617.35009766,6353.72998047,6423.75976562,3984520000
2018-08-19,6422.56982422,6537.97998047,6361.54980469,6506.06982422,3311170000
2018-08-20,6500.50976562,6536.91992188,6297.93017578,6308.52978516,3665100000
2018-08-21,6301.06982422,6500.87011719,6298.24023438,6488.75976562,3377180000
2018-08-22,6486.25000000,6816.79003906,6310.10986328,6376.70996094,4668110000
2018-08-23,6371.33984375,6546.54003906,6371.33984375,6534.87988281,3426180000
2018-08-24,6551.52001953,6719.95996094,6498.64013672,6719.95996094,4097820000
2018-08-25,6719.95019531,6789.62988281,6700.95996094,6763.18994141,3312600000
2018-08-26,6754.64013672,6774.75000000,6620.75000000,6707.25976562,3295500000
2018-08-27,6710.79980469,6884.64013672,6689.70996094,6884.64013672,4019000000
2018-08-28,6891.08007812,7109.56005859,6882.33984375,7096.27978516,4659940000
2018-08-29,7091.70996094,7113.29980469,6970.81982422,7047.16015625,4145880000
2018-08-30,7043.75976562,7072.68994141,6834.68994141,6978.22998047,4463250000
2018-08-31,6973.97021484,7057.16992188,6920.16015625,7037.58007812,4495650000
2018-09-01,7044.81005859,7242.29003906,7038.04980469,7193.25000000,4116050000
2018-09-02,7189.58007812,7306.31005859,7132.16015625,7272.72021484,4329540000
2018-09-03,7279.02978516,7317.93994141,7208.14990234,7260.06005859,4087760000
2018-09-04,7263.00000000,7388.25976562,7255.43994141,7361.66015625,4273640000
2018-09-05,7361.45996094,7388.43017578,6792.83007812,6792.83007812,5800460000
2018-09-06,6755.14013672,6755.14013672,6404.72021484,6529.16992188,5523470000
2018-09-07,6528.91992188,6555.29003906,6396.87011719,6467.06982422,4264680000
2018-09-08,6460.16992188,6534.25000000,6197.52001953,6225.97998047,3835060000
2018-09-09,6223.37988281,6446.25976562,6201.22021484,6300.85986328,3671890000
2018-09-10,6301.56982422,6374.97998047,6292.75976562,6329.70019531,3714100000
2018-09-11,6331.87988281,6398.91992188,6260.20996094,6321.20019531,3849910000
2018-09-12,6317.00976562,6363.87011719,6265.08984375,6351.79980469,4064230000
2018-09-13,6354.24023438,6535.41015625,6354.24023438,6517.31005859,4210910000
2018-09-14,6515.41015625,6596.10009766,6456.16992188,6512.70996094,4076220000
2018-09-15,6509.39990234,6561.72021484,6493.54980469,6543.20019531,3216300000
2018-09-16,6536.68017578,6544.33007812,6460.10009766,6517.18017578,3273730000
2018-09-17,6514.06005859,6540.20996094,6257.52001953,6281.20019531,3910780000
2018-09-18,6280.91015625,6384.18017578,6265.70996094,6371.29980469,4180090000
2018-09-19,6371.85009766,6448.45996094,6208.33984375,6398.54003906,4431340000
2018-09-20,6398.85009766,6529.25976562,6395.95019531,6519.66992188,4348110000
2018-09-21,6513.87011719,6794.33007812,6496.35986328,6734.95019531,6531940000
2018-09-22,6735.04980469,6814.56005859,6616.79980469,6721.97998047,4509660000
2018-09-23,6715.31982422,6766.14990234,6679.41992188,6710.62988281,4197500000
2018-09-24,6704.77001953,6713.56005859,6580.89990234,6595.41015625,4177310000
2018-09-25,6603.64013672,6603.64013672,6381.85986328,6446.47021484,4726180000
2018-09-26,6452.79003906,6585.91015625,6397.89013672,6495.00000000,4437300000
2018-09-27,6495.29003906,6712.10009766,6464.95019531,6676.75000000,4606810000
2018-09-28,6678.75000000,6785.02978516,6598.31982422,6644.12988281,5014430000
2018-09-29,6643.10009766,6643.10009766,6511.64990234,6601.95996094,4363690000
2018-09-30,6604.70996094,6643.77978516,6566.54003906,6625.56005859,4002280000
2018-10-01,6619.85009766,6653.29980469,6549.08007812,6589.62011719,4000970000
2018-10-02,6593.24023438,6611.83984375,6537.89990234,6556.10009766,3979260000
2018-10-03,6553.85986328,6571.45996094,6454.02978516,6502.58984375,3887310000
2018-10-04,6497.91015625,6603.31005859,6497.91015625,6576.68994141,3838410000
2018-10-05,6574.14990234,6623.62011719,6557.41015625,6622.47998047,3671500000
2018-10-06,6622.45019531,6628.54003906,6577.79980469,6588.31005859,3259740000
2018-10-07,6590.68017578,6641.49023438,6557.04003906,6602.95019531,3306630000
2018-10-08,6600.18994141,6675.06005859,6576.04003906,6652.22998047,3979460000
2018-10-09,6653.08007812,6661.41015625,6606.93994141,6642.64013672,3580810000
2018-10-10,6640.29003906,6640.29003906,6538.95996094,6585.52978516,3787650000
2018-10-11,6586.74023438,6586.74023438,6243.74023438,6256.24023438,5181640000
2018-10-12,6239.25000000,6328.50000000,6236.47021484,6274.58007812,3783500000
2018-10-13,6278.08007812,6308.50976562,6259.81005859,6285.99023438,3064030000
2018-10-14,6288.49023438,6363.20996094,6280.14990234,6290.93017578,3085320000
2018-10-15,6292.64013672,6965.06005859,6258.68017578,6596.54003906,7370770000
2018-10-16,6601.41015625,6673.58984375,6571.37011719,6596.10986328,4074800000
2018-10-17,6590.52001953,6601.20996094,6517.45019531,6544.43017578,4088420000
2018-10-18,6542.33007812,6567.54003906,6450.04003906,6476.70996094,3924080000
2018-10-19,6478.06982422,6493.68017578,6445.31005859,6465.41015625,3578870000
2018-10-20,6460.91992188,6497.72021484,6449.00000000,6489.18994141,3379130000
2018-10-21,6490.08984375,6556.37988281,6476.00000000,6482.35009766,3253610000
2018-10-22,6486.04980469,6543.79980469,6462.97998047,6487.16015625,3672860000
2018-10-23,6472.35986328,6506.00976562,6451.27001953,6475.74023438,3716150000
2018-10-24,6478.89013672,6521.99023438,6468.85986328,6495.83984375,3424670000
2018-10-25,6484.64990234,6504.64990234,6447.02978516,6476.29003906,3230550000
2018-10-26,6468.43994141,6498.29003906,6449.60986328,6474.75000000,3306050000
2018-10-27,6480.83984375,6507.41015625,6453.52978516,6480.37988281,3393250000
2018-10-28,6482.66015625,6502.27978516,6447.91015625,6486.39013672,3445190000
2018-10-29,6492.35009766,6503.60009766,6306.99023438,6332.62988281,4199910000
2018-10-30,6337.04003906,6364.99023438,6310.14013672,6334.27001953,3781100000
2018-10-31,6336.99023438,6349.16015625,6316.87988281,6317.60986328,4191240000
2018-11-01,6318.14013672,6547.14013672,6311.83007812,6377.77978516,3789400000
2018-11-02,6378.91992188,6396.85986328,6327.37988281,6388.43994141,4234870000
2018-11-03,6387.24023438,6400.06982422,6342.37011719,6361.25976562,3658640000
2018-11-04,6365.47021484,6388.62988281,6294.56982422,6376.12988281,4390020000
2018-11-05,6363.62011719,6480.58984375,6363.62011719,6419.66015625,4174800000
2018-11-06,6433.37988281,6463.54980469,6408.16015625,6461.00976562,4700040000
2018-11-07,6468.50000000,6552.16015625,6468.31005859,6530.14013672,4941260000
2018-11-08,6522.27001953,6536.91992188,6438.52978516,6453.72021484,4665260000
2018-11-09,6442.60009766,6456.45996094,6373.37011719,6385.62011719,4346820000
2018-11-10,6386.12988281,6437.27978516,6385.31005859,6409.22021484,3705320000
2018-11-11,6413.62988281,6423.25000000,6350.16992188,6411.27001953,3939060000
2018-11-12,6411.75976562,6434.20996094,6360.47021484,6371.27001953,4295770000
2018-11-13,6373.18994141,6395.27001953,6342.66992188,6359.49023438,4503800000
2018-11-14,6351.24023438,6371.54980469,5544.08984375,5738.35009766,7398940000
2018-11-15,5736.14990234,5774.81982422,5358.37988281,5648.02978516,7032140000
2018-11-16,5645.31982422,5657.02001953,5498.93994141,5575.54980469,5279320000
2018-11-17,5578.58007812,5578.58007812,5519.56005859,5554.33007812,4303150000
2018-11-18,5559.74023438,5653.60986328,5559.74023438,5623.54003906,4159680000
2018-11-19,5620.77978516,5620.77978516,4842.91015625,4871.49023438,7039560000
2018-11-20,4863.93017578,4951.60986328,4272.10986328,4451.87011719,8428290000
2018-11-21,4465.54003906,4675.72998047,4343.97998047,4602.16992188,6120120000
2018-11-22,4611.56982422,4629.64013672,4365.64013672,4365.93994141,4569370000
2018-11-23,4360.70019531,4396.41992188,4195.68017578,4347.10986328,4871490000
2018-11-24,4347.68994141,4413.08984375,3795.15991211,3880.76000977,4679500000
2018-11-25,3880.78002930,4120.87011719,3585.06005859,4009.96997070,6825640000
2018-11-26,4015.07006836,4107.14013672,3643.91992188,3779.12988281,6476900000
2018-11-27,3765.94995117,3862.95996094,3661.01000977,3820.71997070,5998720000
2018-11-28,3822.46997070,4385.89990234,3822.46997070,4257.41992188,7280280000
2018-11-29,4269.00439453,4413.02050781,4145.76513672,4278.84667969,6503347767
2018-11-30,4289.08886719,4322.97656250,3942.82202148,4017.26855469,6048016717
2018-12-01,4024.46435547,4309.37744141,3969.71069336,4214.67187500,5375314093
2018-12-02,4200.73339844,4301.51953125,4110.97851562,4139.87792969,5262697895
2018-12-03,4147.32373047,4155.97949219,3840.44628906,3894.13085938,5089570994
2018-12-04,3886.29492188,4075.62768555,3832.75000000,3956.89379883,5028069239
2018-12-05,3958.89477539,3969.53588867,3753.99487305,3753.99487305,5302481574
2018-12-06,3754.07446289,3874.96606445,3521.10180664,3521.10180664,5878333109
2018-12-07,3512.59033203,3512.59033203,3280.22875977,3419.93725586,6835615448
2018-12-08,3421.91040039,3506.04345703,3350.65063477,3476.11474609,5305024497
2018-12-09,3473.22753906,3685.30566406,3469.09423828,3614.23437500,4947372847
2018-12-10,3612.04638672,3647.33251953,3470.14453125,3502.65600586,5020968740
2018-12-11,3497.55468750,3513.18505859,3392.25000000,3424.58813477,4696765188
2018-12-12,3421.45825195,3534.22851562,3413.48144531,3486.95019531,4139364829
2018-12-13,3487.87939453,3489.73950195,3298.13208008,3313.67724609,4343372456
2018-12-14,3311.75195312,3329.55590820,3206.54223633,3242.48486328,4372763663
2018-12-15,3243.99755859,3275.37792969,3191.30346680,3236.76171875,3551763561
2018-12-16,3236.27465820,3305.75317383,3233.81982422,3252.83911133,3744248994
2018-12-17,3253.12304688,3597.91796875,3253.12304688,3545.86474609,5409247918
2018-12-18,3544.76147461,3701.34936523,3487.16918945,3696.05908203,5911325473
2018-12-19,3706.82495117,3949.32299805,3687.22998047,3745.95068359,6810689119
2018-12-20,3742.19506836,4191.22851562,3728.97460938,4134.44140625,8927129279
2018-12-21,4133.70361328,4198.42968750,3850.94628906,3896.54370117,7206015706
2018-12-22,3898.08374023,4014.18261719,3855.73901367,4014.18261719,5605823233
2018-12-23,4020.99462891,4085.72363281,3976.40576172,3998.98022461,6151275490
2018-12-24,4000.33178711,4271.79248047,4000.33178711,4078.59912109,7240968501
2018-12-25,4081.03051758,4089.56152344,3760.02050781,3815.49072266,6158207293
2018-12-26,3819.66674805,3893.35961914,3769.86376953,3857.29760742,5326547918
2018-12-27,3854.68847656,3874.41699219,3645.44848633,3654.83349609,5130222366
2018-12-28,3653.13183594,3956.13598633,3642.63208008,3923.91870117,5631554348
2018-12-29,3932.49169922,3963.75878906,3820.40869141,3820.40869141,4991655917
2018-12-30,3822.38476562,3901.90893555,3797.21923828,3865.95263672,4770578575
2018-12-31,3866.83911133,3868.74291992,3725.86743164,3742.70043945,4661840806
2019-01-01,3746.71337891,3850.91381836,3707.23120117,3843.52001953,4324200990
2019-01-02,3849.21630859,3947.98120117,3817.40942383,3943.40942383,5244856836
2019-01-03,3931.04858398,3935.68505859,3826.22290039,3836.74121094,4530215219
2019-01-04,3832.04003906,3865.93457031,3783.85375977,3857.71752930,4847965467
2019-01-05,3851.97387695,3904.90307617,3836.90014648,3845.19458008,5137609824
2019-01-06,3836.51904297,4093.29736328,3826.51318359,4076.63256836,5597027440
2019-01-07,4078.58496094,4092.61352539,4020.89404297,4025.24829102,5228625637
2019-01-08,4028.47216797,4109.02099609,3996.95532227,4030.84790039,5306593305
2019-01-09,4031.55200195,4068.40356445,4022.66284180,4035.29638672,5115905225
2019-01-10,4034.41137695,4064.06665039,3659.17456055,3678.92456055,6874143796
2019-01-11,3674.01538086,3713.88183594,3653.06982422,3687.36547852,5538712865
2019-01-12,3686.97314453,3698.97827148,3653.81079102,3661.30102539,4778170883
2019-01-13,3658.86816406,3674.76000977,3544.92724609,3552.95312500,4681302466
2019-01-14,3557.31103516,3727.83618164,3552.28515625,3706.05224609,5651384490
2019-01-15,3704.21630859,3720.15332031,3619.94921875,3630.67529297,5537192302
2019-01-16,3631.50976562,3685.77709961,3624.67333984,3655.00683594,5394457145
2019-01-17,3651.87109375,3680.13598633,3621.96093750,3678.56396484,5464420383
2019-01-18,3677.99047852,3682.52001953,3637.08081055,3657.83935547,5002961727
2019-01-19,3652.37792969,3758.53344727,3652.37792969,3728.56835938,5955691380
2019-01-20,3725.44604492,3743.38793945,3583.01953125,3601.01367188,5582489560
2019-01-21,3600.37280273,3608.84082031,3558.53710938,3576.03247070,5004347059
2019-01-22,3575.08129883,3620.74658203,3539.72143555,3604.57714844,5313623556
2019-01-23,3605.55712891,3623.06787109,3565.31396484,3585.12304688,5433755649
2019-01-24,3584.50024414,3616.08740234,3569.09277344,3600.86547852,5262869046
2019-01-25,3607.39038086,3612.92773438,3575.59741211,3599.76586914,5265847539
2019-01-26,3599.71533203,3654.93310547,3593.34594727,3602.46044922,5098183235
2019-01-27,3604.68725586,3612.67138672,3567.24584961,3583.96582031,5570752966
2019-01-28,3584.28320312,3586.75097656,3439.23291016,3470.45043945,6908930483
2019-01-29,3468.87011719,3476.06542969,3400.81982422,3448.11694336,5897159493
2019-01-30,3443.89697266,3495.17480469,3429.38793945,3486.18164062,5955112627
2019-01-31,3485.40917969,3504.80493164,3447.91577148,3457.79272461,5831198271
2019-02-01,3460.54711914,3501.95410156,3431.59155273,3487.94531250,5422926707
2019-02-02,3484.62597656,3523.28735352,3467.57470703,3521.06079102,5071623601
2019-02-03,3516.13964844,3521.38818359,3447.92431641,3464.01342773,5043937584
2019-02-04,3467.21166992,3476.22387695,3442.58691406,3459.15405273,5332718886
2019-02-05,3454.95092773,3478.14819336,3451.93701172,3466.35742188,5227549545
2019-02-06,3469.09179688,3469.09179688,3398.56542969,3413.76782227,5482196038
2019-02-07,3414.92944336,3427.94555664,3394.21850586,3399.47167969,5004962683
2019-02-08,3401.37646484,3695.61401367,3391.02368164,3666.78027344,7735623101
2019-02-09,3671.58593750,3679.94140625,3646.55932617,3671.20361328,6158833645
2019-02-10,3673.20141602,3695.03613281,3640.97998047,3690.18823242,6282256903
2019-02-11,3695.61303711,3695.61303711,3642.28784180,3648.43066406,6277056434
2019-02-12,3642.75195312,3668.58691406,3618.55688477,3653.52856445,6480384532
2019-02-13,3653.60400391,3669.74658203,3617.24633789,3632.07055664,6438903823
2019-02-14,3631.17016602,3646.25659180,3607.69775391,3616.88085938,6271044418
2019-02-15,3617.36840820,3647.79516602,3608.20654297,3620.81079102,6091952231
2019-02-16,3615.27026367,3652.84130859,3615.27026367,3629.78759766,5934744052
2019-02-17,3633.35937500,3680.53735352,3619.18212891,3673.83618164,7039512503
2019-02-18,3671.36987305,3936.66503906,3669.98242188,3915.71435547,9908216640
2019-02-19,3911.66162109,4010.87939453,3908.15307617,3947.09448242,9933626655
2019-02-20,3946.68505859,4000.48632812,3926.24682617,3999.82055664,8693373948
2019-02-21,4000.25683594,4010.00952148,3940.10815430,3954.11816406,7775128102
2019-02-22,3952.40649414,4006.53833008,3950.81640625,4005.52661133,7826525254
2019-02-23,3998.91625977,4166.28613281,3968.72680664,4142.52685547,8922258316
2019-02-24,4145.45800781,4210.64160156,3793.70898438,3810.42749023,10794227451
2019-02-25,3807.00244141,3913.70727539,3807.00244141,3882.69628906,9318796067
2019-02-26,3878.69726562,3891.57885742,3837.98632812,3854.35791016,7931218996
2019-02-27,3857.47973633,3888.80249023,3787.05883789,3851.04736328,8301309684
2019-02-28,3848.26196289,3906.05834961,3845.82128906,3854.78540039,8399767798
2019-03-01,3853.75708008,3907.79541016,3851.69238281,3859.58374023,7661247975
2019-03-02,3855.31811523,3874.60742188,3832.12792969,3864.41503906,7578786076
2019-03-03,3862.26611328,3875.48364258,3836.90576172,3847.17578125,7253558152
2019-03-04,3845.09155273,3867.38183594,3733.74975586,3761.55712891,9029175788
2019-03-05,3759.83251953,3903.91674805,3745.18310547,3896.37500000,10174126415
2019-03-06,3897.08105469,3919.51049805,3871.46069336,3903.94262695,9175291529
2019-03-07,3903.38476562,3939.37329102,3894.11303711,3911.48437500,9584165519
2019-03-08,3913.22583008,3950.43212891,3875.22851562,3901.13159180,10638638944
2019-03-09,3894.55249023,3987.23779297,3892.39038086,3963.31372070,10796103518
2019-03-10,3966.17431641,3966.17431641,3924.38110352,3951.59985352,9713267607
2019-03-11,3953.74023438,3966.38476562,3889.23901367,3905.22729492,10125901903
2019-03-12,3903.75830078,3926.88916016,3863.55908203,3909.15625000,9809887079
2019-03-13,3913.04736328,3926.59765625,3891.90429688,3906.71728516,9469184841
2019-03-14,3905.57690430,3946.50439453,3901.29687500,3924.36914062,10480789570
2019-03-15,3926.66333008,3968.54296875,3914.01538086,3960.91113281,9394210605
2019-03-16,3963.90014648,4077.03637695,3961.65747070,4048.72583008,9856166973
2019-03-17,4047.71948242,4054.12207031,4006.41113281,4025.22900391,8221625400
2019-03-18,4029.96850586,4071.55664062,4009.11718750,4032.50732422,9646954186
2019-03-19,4032.69189453,4082.21606445,4023.81250000,4071.19018555,9344919956
2019-03-20,4070.79394531,4089.46191406,4031.11083984,4087.47631836,10175916388
2019-03-21,4083.95385742,4097.35986328,4005.15136719,4029.32690430,10831212662
2019-03-22,4028.51464844,4053.90673828,4021.54248047,4023.96826172,9252935969
2019-03-23,4022.71337891,4049.88256836,4015.96459961,4035.82641602,9578850549
2019-03-24,4035.16357422,4040.69970703,4006.19287109,4022.16821289,9144851065
2019-03-25,4024.11279297,4038.84082031,3934.03125000,3963.07055664,10359818883
2019-03-26,3969.22875977,3985.08081055,3944.75317383,3985.08081055,10707678815
2019-03-27,3984.24487305,4087.06616211,3977.81054688,4087.06616211,10897131934
2019-03-28,4087.58447266,4094.90209961,4040.26635742,4069.10717773,9353915899
2019-03-29,4068.29980469,4113.50097656,4034.09716797,4098.37451172,10918665557
2019-03-30,4092.13623047,4296.80664062,4053.90966797,4106.66015625,9732688060
2019-03-31,4105.45605469,4113.02343750,4094.10083008,4105.40429688,9045122443
2019-04-01,4105.36230469,4164.95312500,4096.90136719,4158.18310547,10157794171
2019-04-02,4156.91943359,4905.95458984,4155.31689453,4879.87792969,21315047816
2019-04-03,4879.95800781,5307.00341797,4876.62109375,4973.02197266,22899891582
2019-04-04,4971.30761719,5063.15966797,4836.79394531,4922.79882812,18251810240
2019-04-05,4922.80615234,5053.50976562,4919.49169922,5036.68115234,16837325387
2019-04-06,5036.79296875,5205.82177734,4992.22216797,5059.81738281,16929795194
2019-04-07,5062.79394531,5235.18652344,5050.41210938,5198.89697266,16655416140
2019-04-08,5199.83544922,5318.83642578,5148.21191406,5289.77099609,17154113634
2019-04-09,5289.91796875,5289.91796875,5167.41894531,5204.95849609,14722104361
2019-04-10,5204.10546875,5421.65136719,5193.38232422,5324.55175781,15504590933
2019-04-11,5325.08154297,5354.22558594,5017.29638672,5064.48779297,16555616019
2019-04-12,5061.20068359,5103.27441406,4955.85253906,5089.53906250,13675206312
2019-04-13,5088.85009766,5127.12207031,5061.58935547,5096.58642578,10823289598
2019-04-14,5095.75878906,5184.01611328,5053.56835938,5167.72216797,10391952498
2019-04-15,5167.32177734,5196.60693359,5024.06933594,5067.10839844,12290155061
2019-04-16,5066.57763672,5238.94531250,5055.19482422,5235.55957031,11618660197
2019-04-17,5236.13525391,5274.27539062,5219.20556641,5251.93798828,12438480677
2019-04-18,5251.48046875,5319.98632812,5250.50683594,5298.38574219,13256489918
2019-04-19,5298.15429688,5336.68017578,5233.33496094,5303.81250000,13780238655
2019-04-20,5304.16064453,5358.49072266,5295.87792969,5337.88623047,13169647522
2019-04-21,5335.87890625,5359.92480469,5257.33935547,5314.53125000,13731844223
2019-04-22,5312.49462891,5422.68750000,5280.27685547,5399.36523438,14601631648
2019-04-23,5399.36572266,5633.80224609,5389.40869141,5572.36230469,15867308108
2019-04-24,5571.50830078,5642.04443359,5418.26318359,5464.86669922,17048033399
2019-04-25,5466.52441406,5542.23828125,5181.33886719,5210.51562500,15330283408
2019-04-26,5210.30468750,5383.63427734,5177.36865234,5279.34814453,16812108040
2019-04-27,5279.47119141,5310.75000000,5233.63574219,5268.29101562,13111274675
2019-04-28,5271.74658203,5326.23193359,5255.68359375,5285.13916016,12819992056
2019-04-29,5284.85839844,5311.27490234,5216.48779297,5247.35253906,13735490672
2019-04-30,5247.72607422,5363.25732422,5224.18994141,5350.72656250,13878964574
2019-05-01,5350.91455078,5418.00390625,5347.64599609,5402.69726562,13679528236
2019-05-02,5402.42285156,5522.26269531,5394.21728516,5505.28369141,14644460907
2019-05-03,5505.55224609,5865.88183594,5490.20166016,5768.28955078,18720780006
2019-05-04,5769.20263672,5886.89355469,5645.46923828,5831.16748047,17567780766
2019-05-05,5831.06835938,5833.86279297,5708.03515625,5795.70849609,14808830723
2019-05-06,5791.69335938,5802.95751953,5653.68750000,5746.80712891,15737171804
2019-05-07,5745.59912109,5988.17822266,5741.39599609,5829.50146484,18026409033
2019-05-08,5849.48144531,5989.98095703,5794.71582031,5982.45751953,15320605300
2019-05-09,5982.31640625,6183.03906250,5982.31640625,6174.52880859,16784645411
2019-05-10,6175.82275391,6434.61767578,6161.51904297,6378.84912109,19419875368
2019-05-11,6379.66699219,7333.00292969,6375.69873047,7204.77148438,28867562329
2019-05-12,7203.50732422,7503.87207031,6815.77099609,6972.37158203,27773333680
2019-05-13,6971.17822266,8047.41308594,6898.28222656,7814.91503906,28677672181
2019-05-14,7807.88427734,8268.71289062,7696.39111328,7994.41601562,32031452227
2019-05-15,7989.37451172,8216.42382812,7899.10693359,8205.16796875,28344112920
2019-05-16,8194.50097656,8320.82421875,7729.60839844,7884.90917969,33167197581
2019-05-17,7886.92578125,7929.14550781,7038.12451172,7343.89550781,30066644905
2019-05-18,7341.66455078,7447.27197266,7251.50439453,7271.20800781,21354286562
2019-05-19,7267.96289062,8261.94140625,7267.96289062,8197.68945312,25902422040
2019-05-20,8196.92382812,8200.96777344,7678.78173828,7978.30908203,23843404340
2019-05-21,7977.96923828,8062.16796875,7843.33984375,7963.32763672,25127245056
2019-05-22,7956.29199219,7997.61230469,7615.98730469,7680.06640625,24719473175
2019-05-23,7677.26904297,7943.79150391,7533.19677734,7881.84667969,24457107820
2019-05-24,7881.69531250,8140.71972656,7824.44873047,7987.37158203,25919126991
2019-05-25,7991.88525391,8117.92578125,7965.97607422,8052.54394531,22256813107
2019-05-26,8055.20605469,8687.52050781,7924.67041016,8673.21582031,26677970091
2019-05-27,8674.07226562,8907.17480469,8668.70507812,8805.77832031,27949839564
2019-05-28,8802.75781250,8807.01660156,8634.72167969,8719.96191406,24226919267
2019-05-29,8718.59179688,8755.85253906,8482.72851562,8659.48730469,23473479966
2019-05-30,8661.76074219,9008.31445312,8221.27343750,8319.47265625,29246528551
2019-05-31,8320.28613281,8586.65917969,8172.55078125,8574.50195312,25365190957
2019-06-01,8573.83984375,8625.60058594,8481.57812500,8564.01660156,22488303544
2019-06-02,8565.47363281,8809.30371094,8561.23535156,8742.95800781,20266216022
2019-06-03,8741.74707031,8743.50000000,8204.18554688,8208.99511719,22004511436
2019-06-04,8210.98535156,8210.98535156,7564.48876953,7707.77099609,24609731549
2019-06-05,7704.34326172,7901.84912109,7668.66845703,7824.23144531,21760923463
2019-06-06,7819.63330078,7937.34082031,7571.47119141,7822.02343750,19474611077
2019-06-07,7826.90136719,8126.15332031,7788.37353516,8043.95117188,19141423231
2019-06-08,8036.77490234,8076.89111328,7837.61083984,7954.12792969,16522722810
2019-06-09,7949.67480469,7975.97412109,7583.21972656,7688.07714844,16610726547
2019-06-10,7692.28466797,8031.90966797,7586.73095703,8000.32958984,18689275117
2019-06-11,8004.24365234,8026.39404297,7772.80371094,7927.71435547,17107279932
2019-06-12,7925.43408203,8196.64843750,7862.35986328,8145.85742188,19034432883
2019-06-13,8145.54541016,8311.56738281,8087.06103516,8230.92382812,18669407147
2019-06-14,8230.89843750,8710.63671875,8183.39306641,8693.83300781,19831162906
2019-06-15,8689.74609375,8859.12792969,8618.39550781,8838.37500000,18371033226
2019-06-16,8841.44042969,9335.86718750,8814.55664062,8994.48828125,23348550311
2019-06-17,8988.92382812,9416.40722656,8988.92382812,9320.35253906,15562951919
2019-06-18,9335.46679688,9348.37402344,9004.90136719,9081.76269531,15848210536
2019-06-19,9078.72753906,9299.62109375,9070.39550781,9273.52148438,15546809946
2019-06-20,9273.06054688,9594.41992188,9232.48437500,9527.16015625,17846823784
2019-06-21,9525.07421875,10144.55664062,9525.07421875,10144.55664062,20624008643
2019-06-22,10175.92382812,11157.34570312,10107.03515625,10701.69140625,29995204861
2019-06-23,10696.69140625,11246.14453125,10556.09570312,10855.37109375,20998326502
2019-06-24,10853.74414062,11065.89648438,10610.42773438,11011.10253906,19271652365
2019-06-25,11007.20214844,11790.91699219,11007.20214844,11790.91699219,24879684533
2019-06-26,11778.58105469,13796.48925781,11755.59765625,13016.23144531,45105733173
2019-06-27,13017.12500000,13311.14453125,10491.85253906,11182.80664062,39977475223
2019-06-28,11162.16796875,12445.17480469,10914.49511719,12407.33203125,35087757766
2019-06-29,12400.76367188,12400.91015625,11508.37890625,11959.37109375,29923961128
2019-06-30,11931.99121094,12178.38378906,10799.00878906,10817.15527344,27256473494
2019-07-01,10796.93066406,11206.43945312,10089.31445312,10583.13476562,29378589324
2019-07-02,10588.68359375,10912.18847656,9737.88476562,10801.67773438,31015895223
2019-07-03,10818.15625000,11968.07812500,10818.15625000,11961.26953125,30796494294
2019-07-04,11972.71875000,12006.07519531,11166.56933594,11215.43750000,25920294033
2019-07-05,11203.10253906,11395.66113281,10874.96484375,10978.45996094,23838480210
2019-07-06,10982.54394531,11620.96484375,10982.54394531,11208.55078125,21092024306
2019-07-07,11217.61621094,11541.62011719,11148.80468750,11450.84667969,19369044277
2019-07-08,11446.59667969,12345.83300781,11393.37402344,12285.95800781,23482551458
2019-07-09,12284.32617188,12779.13183594,12233.26171875,12573.81250000,28167921523
2019-07-10,12571.53710938,13129.52929688,11710.97851562,12156.51269531,33627574244
2019-07-11,12139.71386719,12144.62304688,11158.92285156,11358.66210938,28595327690
2019-07-12,11354.29980469,11905.48730469,11179.14453125,11815.98632812,23534692797
2019-07-13,11813.12695312,11841.95703125,10908.47949219,11392.37890625,21042616384
2019-07-14,11381.02050781,11451.20410156,10234.57617188,10256.05859375,22486000001
2019-07-15,10257.83886719,11052.76660156,9992.00683594,10895.08984375,25384047207
2019-07-16,10896.65332031,10996.63281250,9448.10644531,9477.64160156,24151199070
2019-07-17,9471.21386719,9963.13476562,9163.13476562,9693.80273438,24569921549
2019-07-18,9698.50292969,10736.84277344,9376.79882812,10666.48242188,25187024648
2019-07-19,10653.95605469,10716.98046875,10229.62890625,10530.73242188,20727426310
2019-07-20,10525.81933594,11048.66210938,10451.27636719,10767.13964844,20206615155
2019-07-21,10777.52929688,10841.88769531,10389.59960938,10599.10546875,17130580467
2019-07-22,10596.94824219,10651.79101562,10154.92187500,10343.10644531,16334414913
2019-07-23,10346.74804688,10346.74804688,9883.59472656,9900.76757812,17851916995
2019-07-24,9887.73046875,9908.79687500,9614.30664062,9811.92578125,17398734322
2019-07-25,9809.09667969,10154.25390625,9773.95703125,9911.84179688,15821952090
2019-07-26,9913.12695312,9916.51757812,9717.98242188,9870.30371094,14495714483
2019-07-27,9871.16503906,10167.32031250,9411.52148438,9477.67773438,16817809536
2019-07-28,9491.62695312,9575.54492188,9252.29687500,9552.86035156,13738687093
2019-07-29,9548.17871094,9681.64843750,9472.94824219,9519.14550781,13791445323
2019-07-30,9522.32910156,9701.75976562,9437.33593750,9607.42382812,13829811132
2019-07-31,9604.05078125,10085.62792969,9598.09765625,10085.62792969,16631520648
2019-08-01,10077.44238281,10446.91992188,9922.01953125,10399.66894531,17165337858
2019-08-02,10402.04296875,10657.95312500,10371.01367188,10518.17480469,17489094082
2019-08-03,10519.27832031,10946.78125000,10503.50488281,10821.72656250,15352685061
2019-08-04,10821.63281250,11009.20703125,10620.27832031,10970.18457031,16530894787
2019-08-05,10960.73535156,11895.09179688,10960.73535156,11805.65332031,23875988832
2019-08-06,11811.54492188,12273.82128906,11290.73144531,11478.16894531,23635107660
2019-08-07,11476.19335938,12036.99023438,11433.70117188,11941.96875000,22194988641
2019-08-08,11954.04003906,11979.41992188,11556.16796875,11966.40722656,19481591730
2019-08-09,11953.46972656,11970.45800781,11709.74511719,11862.93652344,18339989960
2019-08-10,11861.55664062,11915.65527344,11323.89843750,11354.02441406,18125355447
2019-08-11,11349.74023438,11523.57910156,11248.29492188,11523.57910156,15774371518
2019-08-12,11528.18945312,11528.18945312,11320.95117188,11382.61621094,13647198229
2019-08-13,11385.05273438,11420.04980469,10830.32714844,10895.83007812,16681503537
2019-08-14,10889.48730469,10889.55664062,10028.13574219,10051.70410156,19990838300
2019-08-15,10038.42187500,10437.41113281,9675.31640625,10311.54589844,22899115082
2019-08-16,10319.41992188,10524.34960938,9855.47851562,10374.33886719,20228207096
2019-08-17,10358.72265625,10452.62500000,10086.69824219,10231.74414062,13778035685
2019-08-18,10233.00585938,10487.07031250,10119.09472656,10345.81054688,12999813869
2019-08-19,10350.28320312,10916.05371094,10313.20410156,10916.05371094,16038264603
2019-08-20,10916.34667969,10947.04199219,10618.96093750,10763.23242188,15053082175
2019-08-21,10764.57226562,10798.72949219,9962.72167969,10138.04980469,19473084768
2019-08-22,10142.52148438,10232.99609375,9831.46289062,10131.05566406,17097508856
2019-08-23,10136.30957031,10442.44335938,10078.19238281,10407.96484375,15627023886
2019-08-24,10407.64453125,10418.02050781,9982.29687500,10159.96093750,15451030650
2019-08-25,10160.73730469,10304.62207031,10008.78906250,10138.51757812,14153856610
2019-08-26,10126.29980469,10512.32812500,10126.29980469,10370.82031250,18438654080
2019-08-27,10372.82617188,10381.32812500,10087.30078125,10185.50000000,14762609503
2019-08-28,10203.42675781,10279.36621094,9716.65625000,9754.42285156,17603790323
2019-08-29,9756.78613281,9756.78613281,9421.62988281,9510.20019531,17045878501
2019-08-30,9514.84472656,9656.12402344,9428.30273438,9598.17382812,13595263986
2019-08-31,9597.53906250,9673.22070312,9531.79980469,9630.66406250,11454806419
2019-09-01,9630.59277344,9796.75585938,9582.94433594,9757.97070312,11445355859
2019-09-02,9757.47363281,10396.59179688,9730.65039062,10346.76074219,17248102294
2019-09-03,10345.72558594,10736.10449219,10308.54785156,10623.54003906,19384917989
2019-09-04,10621.18066406,10762.64453125,10434.70996094,10594.49316406,16742664769
2019-09-05,10588.18359375,10627.26953125,10516.41796875,10575.53320312,14551239508
2019-09-06,10578.19824219,10898.76171875,10292.29980469,10353.30273438,19536574783
2019-09-07,10353.93164062,10558.67382812,10348.91894531,10517.25488281,15307366476
2019-09-08,10518.11425781,10595.63769531,10409.09082031,10441.27636719,13670567493
2019-09-09,10443.22851562,10450.31152344,10144.92968750,10334.97460938,17595943368
2019-09-10,10336.40820312,10394.35351562,10020.57324219,10115.97558594,14906809639
2019-09-11,10123.03515625,10215.94824219,9980.77636719,10178.37207031,15428063426
2019-09-12,10176.81933594,10442.25390625,10099.24218750,10410.12695312,15323563925
2019-09-13,10415.36230469,10441.48925781,10226.59667969,10360.54687500,14109864675
2019-09-14,10345.40332031,10422.13378906,10291.69433594,10358.04882812,13468713124
2019-09-15,10356.46582031,10387.03515625,10313.09277344,10347.71289062,12043433567
2019-09-16,10347.22265625,10386.86718750,10189.74414062,10276.79394531,15160167779
2019-09-17,10281.51367188,10296.77148438,10199.73925781,10241.27246094,15304603363
2019-09-18,10247.79589844,10275.92871094,10191.46972656,10198.24804688,16169268880
2019-09-19,10200.49609375,10295.66894531,9851.69238281,10266.41503906,19937691247
2019-09-20,10266.31835938,10285.87207031,10132.18652344,10181.64160156,14734189639
2019-09-21,10183.64843750,10188.09765625,10000.70800781,10019.71679688,13425266806
2019-09-22,10024.11523438,10074.44433594,9922.53320312,10070.39257812,13199651698
2019-09-23,10067.96289062,10074.23828125,9727.14355469,9729.32421875,15144925408
2019-09-24,9729.32128906,9804.31738281,8370.80175781,8620.56640625,25002886689
2019-09-25,8603.42871094,8744.82812500,8325.39648438,8486.99316406,21744728353
2019-09-26,8487.66992188,8515.68554688,7895.62939453,8118.96777344,19258205289
2019-09-27,8113.10107422,8271.52050781,7965.92285156,8251.84570312,16408941156
2019-09-28,8251.27343750,8285.61718750,8125.43164062,8245.91503906,14141152736
2019-09-29,8246.03710938,8261.70703125,7990.49707031,8104.18554688,13034629109
2019-09-30,8104.22656250,8314.23144531,7830.75878906,8293.86816406,17115474183
2019-10-01,8299.72070312,8497.69238281,8232.67968750,8343.27636719,15305343413
2019-10-02,8344.21289062,8393.04199219,8227.69531250,8393.04199219,13125712443
2019-10-03,8390.77441406,8414.22753906,8146.43701172,8259.99218750,13668823409
2019-10-04,8259.49414062,8260.05566406,8151.23681641,8205.93945312,13139456229
2019-10-05,8210.14941406,8215.52636719,8071.12060547,8151.50048828,12200497197
2019-10-06,8149.87695312,8161.41015625,7958.85058594,7988.15576172,13160830305
2019-10-07,7989.12060547,8308.45019531,7905.76611328,8245.62304688,18009742607
2019-10-08,8246.84960938,8332.71484375,8185.76318359,8228.78320312,15592264032
2019-10-09,8229.84082031,8627.70605469,8169.29882812,8595.74023438,19384942333
2019-10-10,8585.28027344,8625.27246094,8471.93359375,8586.47363281,17618660671
2019-10-11,8585.26269531,8721.78027344,8316.18164062,8321.75683594,19604381101
2019-10-12,8315.66503906,8415.24218750,8313.34082031,8336.55566406,14532641605
2019-10-13,8336.90234375,8470.98828125,8276.61230469,8321.00585938,13808286059
2019-10-14,8320.83203125,8390.20898438,8284.13085938,8374.68652344,15151387859
2019-10-15,8373.45800781,8410.71484375,8182.70654297,8205.36914062,15220412632
2019-10-16,8204.67480469,8216.81250000,7985.08984375,8047.52685547,16071646996
2019-10-17,8047.81250000,8134.83154297,8000.94287109,8103.91113281,14313052244
2019-10-18,8100.93359375,8138.41357422,7902.16406250,7973.20751953,15651592610
2019-10-19,7973.80371094,8082.62939453,7944.77685547,7988.56054688,13797825640
2019-10-20,7997.80712891,8281.81835938,7949.43945312,8222.07812500,15504249442
2019-10-21,8225.11523438,8296.69433594,8196.41601562,8243.72070312,15868748866
2019-10-22,8243.40234375,8296.65136719,8074.46289062,8078.20312500,16803377857
2019-10-23,8076.22851562,8092.99951172,7469.32275391,7514.67187500,21942878958
2019-10-24,7509.72802734,7532.86767578,7446.98876953,7493.48876953,16268708849
2019-10-25,7490.70312500,8691.54003906,7479.98437500,8660.70019531,28705065488
2019-10-26,8667.57714844,10021.74414062,8662.62207031,9244.97265625,44496255609
2019-10-27,9241.70703125,9749.52929688,9112.54199219,9551.71484375,32593129501
2019-10-28,9565.10156250,9805.11816406,9256.14843750,9256.14843750,30948255332
2019-10-29,9248.44042969,9516.18066406,9232.64843750,9427.68750000,28426779937
2019-10-30,9422.46289062,9426.87402344,9085.37011719,9205.72656250,27706531577
2019-10-31,9202.45800781,9383.16113281,9028.71777344,9199.58496094,26583653947
2019-11-01,9193.99218750,9275.65722656,9132.04785156,9261.10449219,24324691031
2019-11-02,9259.78320312,9377.48632812,9249.58789062,9324.71777344,21242676385
2019-11-03,9324.78710938,9379.80664062,9141.25195312,9235.35449219,21132220847
2019-11-04,9235.60742188,9505.05175781,9191.48535156,9412.61230469,26170255634
2019-11-05,9413.00488281,9457.41796875,9256.93164062,9342.52734375,26198609048
2019-11-06,9340.86425781,9423.23730469,9305.90917969,9360.87988281,23133895765
2019-11-07,9352.39355469,9368.47656250,9202.35351562,9267.56152344,22700383839
2019-11-08,9265.36816406,9272.75976562,8775.53417969,8804.88085938,24333037836
2019-11-09,8809.46875000,8891.81835938,8793.16308594,8813.58203125,17578630606
2019-11-10,8812.48925781,9103.82617188,8806.16210938,9055.52636719,20587919881
2019-11-11,9056.91796875,9081.27929688,8700.60839844,8757.78808594,20265510765
2019-11-12,8759.75195312,8853.76855469,8685.42773438,8815.66210938,20309769107
2019-11-13,8812.03320312,8836.84179688,8761.65136719,8808.26269531,17545755405
2019-11-14,8811.93652344,8826.94335938,8692.55175781,8708.09472656,19084739975
2019-11-15,8705.70800781,8730.87304688,8484.84375000,8491.99218750,21796856471
2019-11-16,8491.16601562,8591.99707031,8473.97363281,8550.76074219,16495389808
2019-11-17,8549.47070312,8727.78906250,8500.96777344,8577.97558594,18668638897
2019-11-18,8573.98046875,8653.28027344,8273.57324219,8309.28613281,21579470673
2019-11-19,8305.13476562,8408.51660156,8099.96337891,8206.14550781,21083613816
2019-11-20,8203.61328125,8237.24023438,8010.51171875,8027.26806641,20764300437
2019-11-21,8023.64453125,8110.09814453,7597.38183594,7642.75000000,22514243371
2019-11-22,7643.56933594,7697.38281250,6936.70654297,7296.57763672,34242315785
2019-11-23,7296.16455078,7442.25878906,7151.41796875,7397.79687500,21008924418
2019-11-24,7398.63378906,7408.57714844,7029.28906250,7047.91699219,30433517289
2019-11-25,7039.97705078,7319.85693359,6617.16699219,7146.13378906,42685231262
2019-11-26,7145.15917969,7320.23046875,7098.57226562,7218.37109375,21129505542
2019-11-27,7220.88085938,7619.69335938,6974.17431641,7531.66357422,23991412764
2019-11-28,7536.82031250,7730.07275391,7454.12158203,7463.10595703,19050116751
2019-11-29,7466.72705078,7781.17968750,7460.75634766,7761.24365234,19709695456
2019-11-30,7764.05712891,7836.10205078,7515.84960938,7569.62988281,17158194786
2019-12-01,7571.61621094,7571.61621094,7291.34179688,7424.29248047,18720708479
2019-12-02,7424.03613281,7474.81884766,7233.39941406,7321.98828125,17082040706
2019-12-03,7323.97558594,7418.85888672,7229.35693359,7320.14550781,14797485769
2019-12-04,7320.12500000,7539.78466797,7170.92285156,7252.03466797,21664240918
2019-12-05,7253.24169922,7743.43164062,7232.67675781,7448.30761719,18816085231
2019-12-06,7450.56152344,7546.99658203,7392.17529297,7546.99658203,18104466307
2019-12-07,7547.26562500,7589.95166016,7525.71142578,7556.23779297,15453520564
2019-12-08,7551.33886719,7634.60644531,7476.09130859,7564.34521484,15409908086
2019-12-09,7561.79541016,7618.09179688,7365.98535156,7400.89941406,17872021272
2019-12-10,7397.13427734,7424.02294922,7246.04394531,7278.11962891,18249031195
2019-12-11,7277.19775391,7324.15625000,7195.52734375,7217.42724609,16350490689
2019-12-12,7216.73876953,7266.63964844,7164.74121094,7243.13427734,18927080224
2019-12-13,7244.66210938,7293.56054688,7227.12255859,7269.68457031,17125736940
2019-12-14,7268.90283203,7308.83642578,7097.20898438,7124.67382812,17137029730
2019-12-15,7124.23974609,7181.07568359,6924.37597656,7152.30175781,16881129804
2019-12-16,7153.66308594,7171.16894531,6903.68261719,6932.48046875,20213265950
2019-12-17,6931.31542969,6964.07519531,6587.97412109,6640.51513672,22363804217
2019-12-18,6647.69824219,7324.98486328,6540.04931641,7276.80273438,31836522778
2019-12-19,7277.59082031,7346.60253906,7041.38183594,7202.84423828,25904604416
2019-12-20,7208.63671875,7257.92187500,7086.12402344,7218.81640625,22633815180
2019-12-21,7220.59375000,7223.22607422,7112.73583984,7191.15869141,19312552168
2019-12-22,7191.18847656,7518.03320312,7167.17919922,7511.58886719,23134537956
2019-12-23,7508.90234375,7656.17626953,7326.19238281,7355.62841797,27831788041
2019-12-24,7354.39306641,7535.71679688,7269.52880859,7322.53222656,22991622105
2019-12-25,7325.75585938,7357.02001953,7220.99121094,7275.15576172,21559505149
2019-12-26,7274.79931641,7388.30273438,7200.38671875,7238.96679688,22787010034
2019-12-27,7238.14111328,7363.52929688,7189.93408203,7290.08837891,22777360996
2019-12-28,7289.03125000,7399.04101562,7286.90527344,7317.99023438,21365673026
2019-12-29,7317.64746094,7513.94824219,7279.86523438,7422.65283203,22445257702
2019-12-30,7420.27294922,7454.82421875,7276.30810547,7292.99511719,22874131672
2019-12-31,7294.43896484,7335.29003906,7169.77783203,7193.59912109,21167946112
2020-01-01,7194.89208984,7254.33056641,7174.94433594,7200.17431641,18565664997
2020-01-02,7202.55126953,7212.15527344,6935.27001953,6985.47021484,20802083465
2020-01-03,6984.42871094,7413.71533203,6914.99609375,7344.88427734,28111481032
2020-01-04,7345.37548828,7427.38574219,7309.51416016,7410.65673828,18444271275
2020-01-05,7410.45166016,7544.49707031,7400.53564453,7411.31738281,19725074095
2020-01-06,7410.45214844,7781.86718750,7409.29296875,7769.21923828,23276261598
2020-01-07,7768.68212891,8178.21582031,7768.22753906,8163.69238281,28767291327
2020-01-08,8161.93554688,8396.73828125,7956.77441406,8079.86279297,31672559265
2020-01-09,8082.29589844,8082.29589844,7842.40380859,7879.07128906,24045990466
2020-01-10,7878.30761719,8166.55419922,7726.77490234,8166.55419922,28714583844
2020-01-11,8162.19091797,8218.35937500,8029.64208984,8037.53759766,25521165085
2020-01-12,8033.26171875,8200.06347656,8009.05908203,8192.49414062,22903438381
2020-01-13,8189.77197266,8197.78808594,8079.70068359,8144.19433594,22482910688
2020-01-14,8140.93310547,8879.51171875,8140.93310547,8827.76464844,44841784107
2020-01-15,8825.34375000,8890.11718750,8657.18750000,8807.01074219,40102834650
2020-01-16,8812.48144531,8846.46093750,8612.09570312,8723.78613281,31313981931
2020-01-17,8725.20996094,8958.12207031,8677.31640625,8929.03808594,36372139320
2020-01-18,8927.21191406,9012.19824219,8827.33203125,8942.80859375,32337772627
2020-01-19,8941.44531250,9164.36230469,8620.08007812,8706.24511719,34217320471
2020-01-20,8704.63183594,8745.59082031,8560.47363281,8657.64257812,26422375678
2020-01-21,8658.99121094,8755.70605469,8544.52050781,8745.89453125,24097418512
2020-01-22,8744.21093750,8792.99414062,8636.74707031,8680.87597656,22600204051
2020-01-23,8680.65039062,8687.74707031,8333.63769531,8406.51562500,25770680779
2020-01-24,8405.56738281,8514.66699219,8266.84082031,8445.43457031,24397913026
2020-01-25,8440.11914062,8458.45312500,8296.21875000,8367.84765625,19647331549
2020-01-26,8364.41015625,8602.40136719,8325.49804688,8596.83007812,22177678796
2020-01-27,8597.30859375,8977.72656250,8597.30859375,8909.81933594,28647338393
2020-01-28,8912.52441406,9358.58984375,8908.44726562,9358.58984375,34398744403
2020-01-29,9357.47070312,9406.43164062,9269.46777344,9316.62988281,30682598115
2020-01-30,9316.01660156,9553.12597656,9230.89746094,9508.99316406,32378792851
2020-01-31,9508.31347656,9521.70605469,9230.77636719,9350.52929688,29432489719
2020-02-01,9346.35742188,9439.32324219,9313.23925781,9392.87500000,25922656496
2020-02-02,9389.82031250,9468.79785156,9217.82421875,9344.36523438,30835736946
2020-02-03,9344.68359375,9540.37207031,9248.63378906,9293.52148438,30934096509
2020-02-04,9292.84179688,9331.26562500,9112.81152344,9180.96289062,29893183716
2020-02-05,9183.41601562,9701.29980469,9163.70410156,9613.42382812,35222060874
2020-02-06,9617.82128906,9824.61914062,9539.81835938,9729.80175781,37628823716
2020-02-07,9726.00292969,9834.71679688,9726.00292969,9795.94335938,34522718159
2020-02-08,9793.07031250,9876.74902344,9678.91015625,9865.11914062,35172043762
2020-02-09,9863.89453125,10129.43554688,9850.39257812,10116.67382812,35807884663
2020-02-10,10115.55957031,10165.76562500,9784.56347656,9856.61132812,39386548075
2020-02-11,9855.89160156,10210.05273438,9729.33496094,10208.23632812,37648059389
2020-02-12,10202.38769531,10393.61132812,10202.38769531,10326.05468750,43444303830
2020-02-13,10323.96093750,10457.62695312,10116.16113281,10214.37988281,49356071373
2020-02-14,10211.55078125,10321.99609375,10125.53417969,10312.11621094,43338264162
2020-02-15,10313.85644531,10341.55566406,9874.42773438,9889.42480469,43865054831
2020-02-16,9889.17968750,10053.96875000,9722.38671875,9934.43359375,43374780305
2020-02-17,9936.56054688,9938.81542969,9507.63769531,9690.14257812,45998298413
2020-02-18,9691.23046875,10161.93554688,9632.38281250,10141.99609375,47271023953
2020-02-19,10143.79882812,10191.67578125,9611.22363281,9633.38671875,46992019710
2020-02-20,9629.32519531,9643.21679688,9507.90039062,9608.47558594,44925260237
2020-02-21,9611.78222656,9723.01464844,9589.74316406,9686.44140625,40930547513
2020-02-22,9687.70703125,9698.23144531,9600.72851562,9663.18164062,35838025154
2020-02-23,9663.31835938,9937.40429688,9657.79101562,9924.51562500,41185185761
2020-02-24,9921.58300781,9951.74609375,9537.04296875,9650.17480469,45080496648
2020-02-25,9651.31250000,9652.73730469,9305.02148438,9341.70507812,42515259129
2020-02-26,9338.29003906,9354.77832031,8704.42675781,8820.52246094,50420050762
2020-02-27,8825.09375000,8932.89257812,8577.19921875,8784.49414062,45470195695
2020-02-28,8788.72851562,8890.45605469,8492.93261719,8672.45507812,44605450443
2020-02-29,8671.21289062,8775.63183594,8599.50878906,8599.50878906,35792392544
2020-03-01,8599.75878906,8726.79687500,8471.21289062,8562.45410156,35349164300
2020-03-02,8563.26464844,8921.30859375,8532.63085938,8869.66992188,42857674409
2020-03-03,8865.38769531,8901.59863281,8704.99023438,8787.78613281,42386715821
2020-03-04,8788.54199219,8843.36621094,8712.43164062,8755.24609375,34746706368
2020-03-05,8760.28515625,9142.05468750,8757.25390625,9078.76269531,39698054597
2020-03-06,9078.30859375,9167.69531250,9032.07910156,9122.54589844,40826885651
2020-03-07,9121.60058594,9163.22070312,8890.74414062,8909.95410156,36216930370
2020-03-08,8908.20605469,8914.34375000,8105.25292969,8108.11621094,39973102121
2020-03-09,8111.14648438,8177.79345703,7690.09814453,7923.64453125,46936995808
2020-03-10,7922.14697266,8136.94531250,7814.76318359,7909.72949219,42213940994
2020-03-11,7910.08984375,7950.81445312,7642.81250000,7911.43017578,38682762605
2020-03-12,7913.61621094,7929.11621094,4860.35400391,4970.78808594,53980357243
2020-03-13,5017.83105469,5838.11474609,4106.98095703,5563.70703125,74156772075
2020-03-14,5573.07763672,5625.22656250,5125.06933594,5200.36621094,36154506008
2020-03-15,5201.06689453,5836.64501953,5169.28320312,5392.31494141,33997889639
2020-03-16,5385.22949219,5385.22949219,4575.35791016,5014.47998047,45368026430
2020-03-17,5002.57812500,5371.34863281,4981.90917969,5225.62939453,38622642935
2020-03-18,5227.11376953,5331.83398438,5069.33593750,5238.43847656,37878801016
2020-03-19,5245.41650391,6329.73583984,5236.96875000,6191.19287109,51000731797
2020-03-20,6191.65380859,6844.26171875,5865.78173828,6198.77832031,54442976103
2020-03-21,6206.52148438,6378.13525391,5932.82324219,6185.06640625,42494390880
2020-03-22,6185.55810547,6359.69726562,5823.71386719,5830.25488281,40099664740
2020-03-23,5831.37451172,6443.93457031,5785.00439453,6416.31494141,46491916000
2020-03-24,6436.64257812,6789.02294922,6411.06640625,6734.80371094,48221910672
2020-03-25,6738.71679688,6892.51123047,6536.92626953,6681.06298828,44590107888
2020-03-26,6675.17089844,6735.46386719,6590.96289062,6716.44042969,35319797642
2020-03-27,6719.38916016,6793.83642578,6466.70166016,6469.79833984,34585598367
2020-03-28,6467.25390625,6467.50097656,6117.83789062,6242.19384766,34885225901
2020-03-29,6245.62451172,6250.46728516,5920.08593750,5922.04296875,28373690931
2020-03-30,5925.53857422,6517.19580078,5903.23437500,6429.84179688,37101651525
2020-03-31,6430.60644531,6504.51513672,6374.16210938,6438.64453125,32786468812
2020-04-01,6437.31933594,6612.57373047,6202.37353516,6606.77636719,40346426266
2020-04-02,6606.77636719,7088.24755859,6595.91845703,6793.62451172,47660646124
2020-04-03,6797.39648438,7003.22070312,6673.33593750,6733.38720703,38976504903
2020-04-04,6738.38281250,6878.95361328,6696.48486328,6867.52734375,33185988584
2020-04-05,6862.53759766,6883.41406250,6715.92919922,6791.12939453,29510409856
2020-04-06,6788.04980469,7271.78125000,6782.88964844,7271.78125000,46896904615
2020-04-07,7273.64404297,7427.93945312,7136.71435547,7176.41455078,44243482668
2020-04-08,7179.28320312,7356.22363281,7153.30566406,7334.09863281,37563249549
2020-04-09,7337.96630859,7341.44824219,7179.09423828,7302.08935547,34815139178
2020-04-10,7303.81542969,7303.81542969,6802.47509766,6865.49316406,43622840992
2020-04-11,6867.44042969,6926.06982422,6789.92089844,6859.08300781,31222085946
2020-04-12,6858.06787109,7119.94726562,6811.07812500,6971.09179688,35759567632
2020-04-13,6965.61669922,6965.61669922,6668.25976562,6845.03759766,38619308647
2020-04-14,6843.28173828,6958.55712891,6793.82128906,6842.42773438,34110434052
2020-04-15,6845.56152344,6928.66455078,6633.40283203,6642.10986328,32288311031
2020-04-16,6640.45410156,7134.45068359,6555.50439453,7116.80419922,46783242377
2020-04-17,7116.55273438,7167.18310547,7050.33203125,7096.18457031,32513423567
2020-04-18,7092.29150391,7269.95654297,7089.24707031,7257.66503906,32447188386
2020-04-19,7260.92236328,7280.52197266,7167.05468750,7189.42480469,31311210215
2020-04-20,7186.87353516,7240.29052734,6835.50292969,6881.95849609,37747113936
2020-04-21,6879.78417969,6934.55175781,6834.44238281,6880.32324219,32589741511
2020-04-22,6879.44042969,7145.86572266,6867.78173828,7117.20751953,33249153866
2020-04-23,7121.30615234,7491.78515625,7081.59472656,7429.72460938,43500782316
2020-04-24,7434.18164062,7574.19580078,7434.18164062,7550.90087891,34636526286
2020-04-25,7550.48291016,7641.36376953,7521.67236328,7569.93603516,32941541447
2020-04-26,7570.13916016,7700.59423828,7561.40771484,7679.86718750,33070154491
2020-04-27,7679.41894531,7795.60107422,7679.41894531,7795.60107422,36162144725
2020-04-28,7796.97021484,7814.52734375,7730.80664062,7807.05859375,33187959921
2020-04-29,7806.71240234,8871.75390625,7786.04931641,8801.03808594,60201052203
2020-04-30,8797.66992188,9440.65039062,8533.25585938,8658.55371094,66964629541
2020-05-01,8672.78222656,9048.02343750,8667.76367188,8864.76660156,44068389997
2020-05-02,8869.05761719,9007.18750000,8811.36621094,8988.59667969,40134388683
2020-05-03,8983.61425781,9167.78125000,8830.97167969,8897.46875000,47101785174
2020-05-04,8895.74511719,8956.90625000,8645.02441406,8912.65429688,45718796276
2020-05-05,8912.83203125,9062.41503906,8856.82714844,9003.07031250,43148462663
2020-05-06,9007.44140625,9411.46777344,8966.70605469,9268.76171875,49371886931
2020-05-07,9261.89550781,9992.66406250,9138.32226562,9951.51855469,61112700562
2020-05-08,9936.16210938,9996.74316406,9767.17285156,9842.66601562,51780748042
2020-05-09,9840.90625000,9913.86328125,9580.64453125,9593.89648438,46566121841
2020-05-10,9591.16894531,9595.58105469,8395.10742188,8756.43066406,63325279337
2020-05-11,8755.53515625,9033.47070312,8374.32324219,8601.79589844,57119858802
2020-05-12,8610.38574219,8949.89843750,8569.64355469,8804.47753906,42142717533
2020-05-13,8805.38769531,9317.87890625,8805.38769531,9269.98730469,45558144023
2020-05-14,9271.32910156,9793.26855469,9255.03515625,9733.72167969,56426907637
2020-05-15,9734.29101562,9755.82812500,9261.39843750,9328.19726562,48158802327
2020-05-16,9333.24023438,9564.20507812,9260.69433594,9377.01367188,36164766408
2020-05-17,9374.92968750,9823.00195312,9349.54589844,9670.73925781,40084250663
2020-05-18,9675.69531250,9906.03027344,9570.35937500,9726.57519531,41827139896
2020-05-19,9727.06347656,9836.04785156,9539.62402344,9729.03808594,39254288955
2020-05-20,9725.32910156,9804.79394531,9447.20117188,9522.98144531,36546239703
2020-05-21,9522.74023438,9555.24218750,8869.93066406,9081.76171875,39326160532
2020-05-22,9080.33496094,9232.93652344,9008.63867188,9182.57714844,29810773699
2020-05-23,9185.06250000,9302.50195312,9118.10839844,9209.28710938,27727866812
2020-05-24,9212.28320312,9288.40429688,8787.25097656,8790.36816406,32518803300
2020-05-25,8786.10742188,8951.00585938,8719.66796875,8906.93457031,31288157264
2020-05-26,8909.58593750,8991.96777344,8757.29394531,8835.05273438,29584186947
2020-05-27,8837.38085938,9203.32031250,8834.15722656,9181.01757812,32740536902
2020-05-28,9184.94531250,9546.31933594,9148.45703125,9525.75097656,34367073114
2020-05-29,9528.35546875,9573.66699219,9379.33886719,9439.12402344,32896642044
2020-05-30,9438.91406250,9704.03027344,9366.72949219,9700.41406250,32722975141
2020-05-31,9700.10546875,9700.34375000,9432.29687500,9461.05859375,27773290299
2020-06-01,9463.60546875,10199.56542969,9450.89941406,10167.26855469,35198901068
2020-06-02,10162.97363281,10182.34082031,9460.57128906,9529.80371094,39137252109
2020-06-03,9533.76074219,9682.85937500,9471.84667969,9656.71777344,25007459262
2020-06-04,9655.85449219,9887.61035156,9525.24707031,9800.63671875,25921805072
2020-06-05,9800.21582031,9869.23730469,9663.21679688,9665.53320312,23509628646
2020-06-06,9664.90429688,9773.43164062,9591.02441406,9653.67968750,20438419222
2020-06-07,9653.00292969,9768.49804688,9458.15039062,9758.85253906,25015250846
2020-06-08,9760.06347656,9782.30664062,9675.88574219,9771.48925781,21486346312
2020-06-09,9774.36035156,9836.36914062,9664.71972656,9795.70019531,23717842783
2020-06-10,9794.11914062,9908.89648438,9728.29101562,9870.09472656,25706567601
2020-06-11,9870.07812500,9938.29785156,9263.06933594,9321.78125000,30247143440
2020-06-12,9320.69042969,9540.46582031,9285.85156250,9480.84375000,22610564515
2020-06-13,9480.73535156,9493.21191406,9396.00976562,9475.27734375,17564322315
2020-06-14,9477.55371094,9482.27050781,9347.59375000,9386.78808594,18991732746
2020-06-15,9386.03515625,9504.86035156,8990.17578125,9450.70214844,26699704768
2020-06-16,9454.26660156,9579.43066406,9400.44531250,9538.02441406,21565537209
2020-06-17,9533.78417969,9540.42285156,9327.33984375,9480.25488281,20177709879
2020-06-18,9481.56738281,9482.78222656,9328.39550781,9411.84082031,17770083003
2020-06-19,9410.29394531,9440.87597656,9274.29589844,9288.01855469,19632223107
2020-06-20,9290.95996094,9394.97167969,9247.37988281,9332.34082031,17130541557
2020-06-21,9330.92675781,9401.10742188,9300.43066406,9303.62988281,15324301169
2020-06-22,9300.91503906,9655.07324219,9296.87207031,9648.71777344,21104009514
2020-06-23,9644.07617188,9670.54101562,9547.24707031,9629.65820312,17006433272
2020-06-24,9632.14941406,9680.36718750,9278.23339844,9313.61035156,18961716076
2020-06-25,9314.12695312,9340.16113281,9095.32421875,9264.81347656,18616048626
2020-06-26,9260.99511719,9310.51660156,9101.73828125,9162.91796875,18341465837
2020-06-27,9167.82421875,9207.81054688,8998.21679688,9045.39062500,17273093144
2020-06-28,9048.46093750,9197.54687500,8975.52539062,9143.58203125,14560870760
2020-06-29,9140.02929688,9237.57324219,9041.87597656,9190.85449219,16460547078
2020-06-30,9185.58105469,9217.83593750,9084.83789062,9137.99316406,15735797744
2020-07-01,9145.98535156,9309.75488281,9104.73535156,9228.32519531,15971550355
2020-07-02,9231.13964844,9274.96289062,9036.62304688,9123.41015625,16338916796
2020-07-03,9124.84277344,9202.34472656,9058.79492188,9087.30371094,13078970999
2020-07-04,9084.23339844,9183.29589844,9053.62988281,9132.48828125,12290528515
2020-07-05,9126.09082031,9162.18359375,8977.01562500,9073.94238281,12903406143
2020-07-06,9072.84960938,9375.47460938,9058.66406250,9375.47460938,17889263252
2020-07-07,9349.16113281,9360.61718750,9201.81542969,9252.27734375,13839652595
2020-07-08,9253.02050781,9450.33593750,9249.50000000,9428.33300781,19702359883
2020-07-09,9427.99414062,9431.37890625,9234.99902344,9277.96777344,18000702524
2020-07-10,9273.35742188,9287.47167969,9118.00195312,9278.80761719,16860035605
2020-07-11,9277.51171875,9293.53222656,9199.48535156,9240.34667969,13249910444
2020-07-12,9241.05468750,9319.41894531,9197.45019531,9276.50000000,14452361907
2020-07-13,9277.20507812,9306.40527344,9224.29296875,9243.61425781,17519821266
2020-07-14,9238.70312500,9283.84179688,9171.66113281,9243.21386719,18085038362
2020-07-15,9241.89746094,9275.32519531,9171.93359375,9192.83691406,15844731575
2020-07-16,9191.98046875,9214.31250000,9088.94726562,9132.22753906,15713967523
2020-07-17,9131.81250000,9182.25390625,9089.20214844,9151.39257812,13944570749
2020-07-18,9151.18359375,9230.98339844,9100.82421875,9159.04003906,12252601475
2020-07-19,9158.00585938,9201.39843750,9097.63281250,9185.81738281,12939002784
2020-07-20,9187.22070312,9214.27050781,9137.50976562,9164.23144531,13755604146
2020-07-21,9162.51464844,9407.26269531,9149.38964844,9374.88769531,18069581956
2020-07-22,9375.08007812,9530.51855469,9319.65332031,9525.36328125,16532254884
2020-07-23,9527.14160156,9610.24707031,9483.00390625,9581.07226562,18146399002
2020-07-24,9585.51464844,9623.33691406,9481.45410156,9536.89257812,16552768325
2020-07-25,9539.48535156,9704.55664062,9530.21191406,9677.11328125,16610070933
2020-07-26,9680.23437500,10023.80761719,9652.84765625,9905.16699219,20507998997
2020-07-27,9905.21777344,11298.22167969,9903.96972656,10990.87304688,35359749590
2020-07-28,11017.46386719,11204.32714844,10632.63183594,10912.82324219,28766551142
2020-07-29,10912.95312500,11304.39746094,10856.14160156,11100.46777344,24617249715
2020-07-30,11099.83300781,11169.35644531,10895.45507812,11111.21386719,22857247901
2020-07-31,11110.21093750,11415.86425781,10987.05371094,11323.46679688,23160469766
2020-08-01,11322.57031250,11794.77539062,11239.68261719,11759.59277344,26075670303
2020-08-02,11758.76464844,12034.14453125,11018.12988281,11053.61425781,27410067336
2020-08-03,11043.76855469,11453.07910156,11012.41503906,11246.34863281,20271713443
2020-08-04,11246.20312500,11385.38183594,11094.14550781,11205.89257812,21250197042
2020-08-05,11203.82324219,11786.61718750,11158.28515625,11747.02246094,24411254471
2020-08-06,11749.87109375,11902.33593750,11598.71386719,11779.77343750,23400740340
2020-08-07,11778.89453125,11898.03808594,11408.59375000,11601.47265625,23132312867
2020-08-08,11604.55371094,11800.06445312,11558.43164062,11754.04589844,17572057837
2020-08-09,11737.32519531,11806.05664062,11548.78417969,11675.73925781,17489608833
2020-08-10,11662.25683594,12045.14062500,11662.25683594,11878.11132812,26114112569
2020-08-11,11881.64746094,11932.71093750,11195.70898438,11410.52539062,27039782640
2020-08-12,11404.59667969,11748.39648438,11249.60546875,11584.93457031,25064548486
2020-08-13,11588.40527344,11796.39648438,11216.87207031,11784.13769531,27522199497
2020-08-14,11772.65917969,12150.99414062,11685.45507812,11768.87109375,24237958589
2020-08-15,11768.69726562,11963.20312500,11768.69726562,11865.69824219,23354924400
2020-08-16,11866.68554688,11934.90136719,11737.18847656,11892.80371094,20583375490
2020-08-17,11895.65820312,12359.05664062,11806.69628906,12254.40234375,28227687027
2020-08-18,12251.89550781,12335.70703125,11954.52539062,11991.23339844,26043227672
2020-08-19,11990.88476562,12028.92382812,11687.33300781,11758.28320312,24502851117
2020-08-20,11761.50000000,11900.41113281,11710.06347656,11878.37207031,20175242945
2020-08-21,11878.02636719,11899.25976562,11564.97949219,11592.48925781,23762425999
2020-08-22,11585.47753906,11689.40722656,11448.80566406,11681.82519531,20224191306
2020-08-23,11679.69628906,11713.42968750,11559.92089844,11664.84765625,18482062658
2020-08-24,11663.68945312,11807.63183594,11623.25000000,11774.59570312,20681511755
2020-08-25,11773.58886719,11778.29980469,11189.85058594,11366.13476562,26301509932
2020-08-26,11366.89453125,11530.05273438,11296.99316406,11488.36328125,22466660958
2020-08-27,11485.60839844,11570.78613281,11185.94140625,11323.39746094,23240415076
2020-08-28,11325.29589844,11545.61523438,11316.42285156,11542.50000000,19807127588
2020-08-29,11541.05468750,11585.64062500,11466.29296875,11506.86523438,17485597759
2020-08-30,11508.71386719,11715.26464844,11492.38183594,11711.50585938,19760127945
2020-08-31,11713.30664062,11768.87695312,11598.31835938,11680.82031250,22285928250
2020-09-01,11679.31640625,12067.08105469,11601.12890625,11970.47851562,27311555343
2020-09-02,11964.82324219,11964.82324219,11290.79394531,11414.03417969,28037405299
2020-09-03,11407.19140625,11443.02246094,10182.46484375,10245.29687500,31927261555
2020-09-04,10230.36523438,10663.91992188,10207.94042969,10511.81347656,29965130374
2020-09-05,10512.53027344,10581.57128906,9946.67578125,10169.56738281,44916565292
2020-09-06,10167.21679688,10353.92773438,10056.88574219,10280.35156250,37071460174
2020-09-07,10280.99804688,10399.15332031,9916.49316406,10369.56347656,33703098409
2020-09-08,10369.30664062,10414.77539062,9945.11035156,10131.51660156,33430927462
2020-09-09,10134.15136719,10350.54296875,10017.25097656,10242.34765625,24128292755
2020-09-10,10242.33007812,10503.91210938,10238.13574219,10363.13867188,54406443211
2020-09-11,10369.02832031,10434.92285156,10140.83691406,10400.91503906,45201121775
2020-09-12,10409.86132812,10578.83789062,10292.38671875,10442.17089844,36750077324
2020-09-13,10452.39941406,10577.21484375,10224.33007812,10323.75585938,36506852789
2020-09-14,10328.73437500,10800.01074219,10266.00878906,10680.83789062,35453581940
2020-09-15,10677.75488281,10938.63183594,10656.45996094,10796.95117188,32509451925
2020-09-16,10797.76171875,11100.12402344,10704.88476562,10974.90527344,30769986455
2020-09-17,10973.25195312,11037.42089844,10774.62792969,10948.99023438,38151810523
2020-09-18,10951.82031250,11034.90820312,10829.65722656,10944.58593750,26341903912
2020-09-19,10933.75292969,11134.09277344,10909.61816406,11094.34667969,22764204008
2020-09-20,11095.87011719,11095.87011719,10814.47753906,10938.27148438,24699523788
2020-09-21,10934.92578125,10988.30468750,10380.26074219,10462.25976562,28884999244
2020-09-22,10459.62402344,10568.07714844,10382.72656250,10538.45996094,23621787804
2020-09-23,10535.49218750,10537.82812500,10197.86523438,10246.18652344,23788661867
2020-09-24,10248.78613281,10771.05664062,10231.49023438,10760.06640625,47144380902
2020-09-25,10761.10937500,10777.69628906,10578.91406250,10692.71679688,39348590957
2020-09-26,10695.57519531,10772.99902344,10667.28125000,10750.72363281,46852525493
2020-09-27,10746.89257812,10803.97656250,10622.92187500,10775.26953125,53745972818
2020-09-28,10776.61328125,10945.34765625,10703.89355469,10709.65234375,47762394731
2020-09-29,10709.65039062,10860.00097656,10649.49511719,10844.64062500,46582396602
2020-09-30,10843.87109375,10847.25683594,10669.32128906,10784.49121094,44171073700
2020-10-01,10795.25488281,10933.62402344,10472.35644531,10619.45214844,40023134100
2020-10-02,10619.82128906,10657.83789062,10416.68945312,10575.97460938,48661453918
2020-10-03,10575.10058594,10598.94042969,10511.12988281,10549.32910156,44660271563
2020-10-04,10550.44042969,10686.00000000,10534.39160156,10669.58300781,71251776995
2020-10-05,10676.52929688,10793.50781250,10634.60058594,10793.33984375,47537578009
2020-10-06,10796.30664062,10797.57812500,10528.89062500,10604.40625000,42623695307
2020-10-07,10603.35546875,10680.50781250,10562.50683594,10668.96875000,37799458436
2020-10-08,10669.37109375,10945.73730469,10562.60644531,10915.68554688,63314794397
2020-10-09,10927.91308594,11102.67187500,10846.85058594,11064.45800781,22799117613
2020-10-10,11059.14257812,11442.21093750,11056.94042969,11296.36132812,22877978588
2020-10-11,11296.08203125,11428.81347656,11288.62792969,11384.18164062,19968627060
2020-10-12,11392.63574219,11698.46777344,11240.68652344,11555.36328125,26163972642
2020-10-13,11548.71972656,11548.98437500,11321.22460938,11425.89941406,24241420251
2020-10-14,11429.04785156,11539.97753906,11307.83105469,11429.50683594,24103426719
2020-10-15,11426.60253906,11569.91406250,11303.60351562,11495.34960938,24487233058
2020-10-16,11502.82812500,11540.06152344,11223.01269531,11322.12304688,25635480772
2020-10-17,11322.12304688,11386.26171875,11285.34570312,11358.10156250,19130430174
2020-10-18,11355.98242188,11483.35937500,11347.57812500,11483.35937500,18283314340
2020-10-19,11495.03808594,11799.09277344,11408.29003906,11742.03710938,23860769928
2020-10-20,11745.97460938,11999.91796875,11681.48046875,11916.33496094,30915821592
2020-10-21,11913.07714844,13184.56640625,11900.92871094,12823.68945312,43414712626
2020-10-22,12801.63574219,13161.59375000,12717.09375000,12965.89160156,34729759598
2020-10-23,12971.54882812,13015.96191406,12752.64746094,12931.53906250,28974975003
2020-10-24,12931.57421875,13145.06640625,12885.74707031,13108.06250000,24542317940
2020-10-25,13108.06347656,13329.18359375,12910.06152344,13031.17382812,24406920575
2020-10-26,13031.20117188,13225.29785156,12822.38281250,13075.24804688,29461458313
2020-10-27,13075.24218750,13759.66894531,13060.83789062,13654.21875000,33749878156
2020-10-28,13654.21484375,13837.69531250,12932.25097656,13271.28515625,35867318895
2020-10-29,13271.29882812,13612.04785156,12980.05957031,13437.88281250,56499499598
2020-10-30,13437.87402344,13651.51660156,13136.19824219,13546.52246094,30581485201
2020-10-31,13546.53222656,14028.21386719,13457.53027344,13780.99511719,30306464719
2020-11-01,13780.99511719,13862.03320312,13628.37792969,13737.10937500,24453857900
2020-11-02,13737.03222656,13808.32324219,13243.16015625,13550.48925781,30771455468
2020-11-03,13550.45117188,13984.98144531,13325.44140625,13950.30078125,29869951617
2020-11-04,13950.48828125,14218.76660156,13580.47167969,14133.70703125,35116364962
2020-11-05,14133.73339844,15706.40429688,14102.08886719,15579.84863281,40856321439
2020-11-06,15579.72949219,15903.43750000,15226.83984375,15565.88085938,39837841971
2020-11-07,15565.88085938,15737.09570312,14423.20312500,14833.75390625,35024953706
2020-11-08,14833.75390625,15637.32031250,14744.11035156,15479.56738281,26632075029
2020-11-09,15479.59570312,15785.13671875,14865.52929688,15332.31542969,34149115566
2020-11-10,15332.35058594,15450.32910156,15124.95996094,15290.90234375,25574938143
2020-11-11,15290.90917969,15916.26074219,15290.00683594,15701.33984375,29772374934
2020-11-12,15701.29882812,16305.00390625,15534.77148438,16276.34375000,34175758344
2020-11-13,16276.44042969,16463.17773438,15992.15234375,16317.80859375,31599492172
2020-11-14,16317.80859375,16317.80859375,15749.19335938,16068.13867188,27481710135
2020-11-15,16068.13964844,16123.11035156,15793.53417969,15955.58789062,23653867583
2020-11-16,15955.57714844,16816.18164062,15880.70605469,16716.11132812,31526766675
2020-11-17,16685.69140625,17782.91992188,16564.54492188,17645.40625000,39006849170
2020-11-18,17645.19140625,18393.94921875,17352.90625000,17804.00585938,49064800278
2020-11-19,17803.86132812,18119.54687500,17382.55468750,17817.08984375,36985055355
2020-11-20,17817.08398438,18773.22656250,17765.79492188,18621.31445312,36992873940
2020-11-21,18621.31640625,18936.62109375,18444.35937500,18642.23242188,39650210707
2020-11-22,18642.23242188,18688.96875000,17671.38476562,18370.00195312,41280434226
2020-11-23,18370.01757812,18711.42578125,18000.79687500,18364.12109375,42741112308
2020-11-24,18365.01562500,19348.27148438,18128.65625000,19107.46484375,51469565009
2020-11-25,19104.41015625,19390.96484375,18581.14648438,18732.12109375,43710357371
2020-11-26,18729.83984375,18866.28515625,16351.03515625,17150.62304688,61396835737
2020-11-27,17153.91406250,17445.02343750,16526.42382812,17108.40234375,38886494645
2020-11-28,17112.93359375,17853.93945312,16910.65234375,17717.41406250,32601040734
2020-11-29,17719.63476562,18283.62890625,17559.11718750,18177.48437500,31133957704
2020-11-30,18178.32226562,19749.26367188,18178.32226562,19625.83593750,47728480399
2020-12-01,19633.76953125,19845.97460938,18321.92187500,18802.99804688,49633658712
2020-12-02,18801.74414062,19308.33007812,18347.71875000,19201.09179688,37387697139
2020-12-03,19205.92578125,19566.19140625,18925.78515625,19445.39843750,31930317405
2020-12-04,19446.96679688,19511.40429688,18697.19335938,18699.76562500,33872388058
2020-12-05,18698.38476562,19160.44921875,18590.19335938,19154.23046875,27242455064
2020-12-06,19154.17968750,19390.50000000,18897.89453125,19345.12109375,25293775714
2020-12-07,19343.12890625,19411.82812500,18931.14257812,19191.63085938,26896357742
2020-12-08,19191.52929688,19283.47851562,18269.94531250,18321.14453125,31692288756
2020-12-09,18320.88476562,18626.29296875,17935.54687500,18553.91601562,34420373071
2020-12-10,18553.29882812,18553.29882812,17957.06445312,18264.99218750,25547132265
2020-12-11,18263.92968750,18268.45312500,17619.53320312,18058.90429688,27919640985
2020-12-12,18051.32031250,18919.55078125,18046.04101562,18803.65625000,21752580802
2020-12-13,18806.76562500,19381.53515625,18734.33203125,19142.38281250,25450468637
2020-12-14,19144.49218750,19305.09960938,19012.70898438,19246.64453125,22473997681
2020-12-15,19246.91992188,19525.00781250,19079.84179688,19417.07617188,26741982541
2020-12-16,19418.81835938,21458.90820312,19298.31640625,21310.59765625,44409011479
2020-12-17,21308.35156250,23642.66015625,21234.67578125,22805.16210938,71378606374
2020-12-18,22806.79687500,23238.60156250,22399.81250000,23137.96093750,40387896275
2020-12-19,23132.86523438,24085.85546875,22826.47265625,23869.83203125,38487546580
2020-12-20,23861.76562500,24209.66015625,23147.71093750,23477.29492188,37844228422
2020-12-21,23474.45507812,24059.98242188,22159.36718750,22803.08203125,45852713981
2020-12-22,22794.03906250,23789.90234375,22430.60546875,23783.02929688,44171632681
2020-12-23,23781.97460938,24024.49023438,22802.64648438,23241.34570312,51146161904
2020-12-24,23240.20312500,23768.33789062,22777.59765625,23735.94921875,41080759713
2020-12-25,23733.57031250,24710.10156250,23463.67382812,24664.79101562,42068395846
2020-12-26,24677.01562500,26718.07031250,24522.68945312,26437.03710938,48332647295
2020-12-27,26439.37304688,28288.83984375,25922.76953125,26272.29492188,66479895605
2020-12-28,26280.82226562,27389.11132812,26207.64062500,27084.80859375,49056742893
2020-12-29,27081.81054688,27370.72070312,25987.29882812,27362.43750000,45265946774
2020-12-30,27360.08984375,28937.74023438,27360.08984375,28840.95312500,51287442704
2020-12-31,28841.57421875,29244.87695312,28201.99218750,29001.72070312,46754964848
2021-01-01,28994.00976562,29600.62695312,28803.58593750,29374.15234375,40730301359
2021-01-02,29376.45507812,33155.11718750,29091.18164062,32127.26757812,67865420765
2021-01-03,32129.40820312,34608.55859375,32052.31640625,32782.02343750,78665235202
2021-01-04,32810.94921875,33440.21875000,28722.75585938,31971.91406250,81163475344
2021-01-05,31977.04101562,34437.58984375,30221.18750000,33992.42968750,67547324782
2021-01-06,34013.61328125,36879.69921875,33514.03515625,36824.36328125,75289433811
2021-01-07,36833.87500000,40180.36718750,36491.19140625,39371.04296875,84762141031
2021-01-08,39381.76562500,41946.73828125,36838.63671875,40797.60937500,88107519480
2021-01-09,40788.64062500,41436.35156250,38980.87500000,40254.54687500,61984162837
2021-01-10,40254.21875000,41420.19140625,35984.62890625,38356.44140625,79980747690
2021-01-11,38346.53125000,38346.53125000,30549.59960938,35566.65625000,123320567399
2021-01-12,35516.35937500,36568.52734375,32697.97656250,33922.96093750,74773277909
2021-01-13,33915.12109375,37599.96093750,32584.66796875,37316.35937500,69364315979
2021-01-14,37325.10937500,39966.40625000,36868.56250000,39187.32812500,63615990033
2021-01-15,39156.70703125,39577.71093750,34659.58984375,36825.36718750,67760757881
2021-01-16,36821.64843750,37864.36718750,35633.55468750,36178.14062500,57706187875
2021-01-17,36163.64843750,36722.35156250,34069.32031250,35791.27734375,52359854336
2021-01-18,35792.23828125,37299.28515625,34883.84375000,36630.07421875,49511702429
2021-01-19,36642.23437500,37755.89062500,36069.80468750,36069.80468750,57244195486
2021-01-20,36050.11328125,36378.32812500,33570.47656250,35547.75000000,66834573161
2021-01-21,35549.39843750,35552.67968750,30250.75000000,30825.69921875,75643067688
2021-01-22,30817.62500000,33811.85156250,28953.37304688,33005.76171875,77207272511
2021-01-23,32985.75781250,33360.97656250,31493.16015625,32067.64257812,48354737975
2021-01-24,32064.37695312,32944.00781250,31106.68554688,32289.37890625,48643830599
2021-01-25,32285.79882812,34802.74218750,32087.78710938,32366.39257812,59897054838
2021-01-26,32358.61328125,32794.55078125,31030.26562500,32569.84960938,60255421470
2021-01-27,32564.02929688,32564.02929688,29367.13867188,30432.54687500,62576762015
2021-01-28,30441.04101562,33858.31250000,30023.20703125,33466.09765625,76517157706
2021-01-29,34318.67187500,38406.26171875,32064.81445312,34316.38671875,117894572511
2021-01-30,34295.93359375,34834.70703125,32940.18750000,34269.52343750,65141828798
2021-01-31,34270.87890625,34288.33203125,32270.17578125,33114.35937500,52754542671
2021-02-01,33114.57812500,34638.21484375,32384.22851562,33537.17578125,61400400660
2021-02-02,33533.19921875,35896.88281250,33489.21875000,35510.28906250,63088585433
2021-02-03,35510.82031250,37480.18750000,35443.98437500,37472.08984375,61166818159
2021-02-04,37475.10546875,38592.17578125,36317.50000000,36926.06640625,68838074392
2021-02-05,36931.54687500,38225.90625000,36658.76171875,38144.30859375,58598066402
2021-02-06,38138.38671875,40846.54687500,38138.38671875,39266.01171875,71326033653
2021-02-07,39250.19140625,39621.83593750,37446.15234375,38903.44140625,65500641143
2021-02-08,38886.82812500,46203.92968750,38076.32421875,46196.46484375,101467222687
2021-02-09,46184.99218750,48003.72265625,45166.96093750,46481.10546875,91809846886
2021-02-10,46469.76171875,47145.56640625,43881.15234375,44918.18359375,87301089896
2021-02-11,44898.71093750,48463.46875000,44187.76171875,47909.33203125,81388911810
2021-02-12,47877.03515625,48745.73437500,46424.97656250,47504.85156250,76555041196
2021-02-13,47491.20312500,48047.74609375,46392.28125000,47105.51562500,70250456155
2021-02-14,47114.50781250,49487.64062500,47114.50781250,48717.28906250,71248675228
2021-02-15,48696.53515625,48875.57031250,46347.47656250,47945.05859375,77069903166
2021-02-16,47944.45703125,50341.10156250,47201.30468750,49199.87109375,77049582886
2021-02-17,49207.27734375,52533.91406250,49072.37890625,52149.00781250,80820545404
2021-02-18,52140.97265625,52474.10546875,51015.76562500,51679.79687500,52054723579
2021-02-19,51675.98046875,56113.65234375,50937.27734375,55888.13281250,63495496918
2021-02-20,55887.33593750,57505.22656250,54626.55859375,56099.51953125,68145460026
2021-02-21,56068.56640625,58330.57031250,55672.60937500,57539.94531250,51897585191
2021-02-22,57532.73828125,57533.39062500,48967.56640625,54207.32031250,92052420332
2021-02-23,54204.92968750,54204.92968750,45290.58984375,48824.42578125,106102492824
2021-02-24,48835.08593750,51290.13671875,47213.50000000,49705.33203125,63695521388
2021-02-25,49709.08203125,51948.96875000,47093.85156250,47093.85156250,54506565949
2021-02-26,47180.46484375,48370.78515625,44454.84375000,46339.76171875,350967941479
2021-02-27,46344.77343750,48253.26953125,45269.02734375,46188.45312500,45910946382
2021-02-28,46194.01562500,46716.42968750,43241.61718750,45137.76953125,53443887451
2021-03-01,45159.50390625,49784.01562500,45115.09375000,49631.24218750,53891300112
2021-03-02,49612.10546875,50127.51171875,47228.84375000,48378.98828125,47530897720
2021-03-03,48415.81640625,52535.13671875,48274.32031250,50538.24218750,53220811975
2021-03-04,50522.30468750,51735.08984375,47656.92968750,48561.16796875,52343816680
2021-03-05,48527.03125000,49396.42968750,46542.51562500,48927.30468750,48625928883
2021-03-06,48899.23046875,49147.21875000,47257.52734375,48912.38281250,34363564661
2021-03-07,48918.67968750,51384.36718750,48918.67968750,51206.69140625,43137459378
2021-03-08,51174.11718750,52314.07031250,49506.05468750,52246.52343750,48597428048
2021-03-09,52272.96875000,54824.11718750,51981.83203125,54824.11718750,50912227385
2021-03-10,54824.01171875,57258.25390625,53290.89062500,56008.55078125,57295577614
2021-03-11,55963.17968750,58091.06250000,54484.59375000,57805.12109375,56772343595
2021-03-12,57821.21875000,57996.62109375,55376.64843750,57332.08984375,55689944702
2021-03-13,57343.37109375,61683.86328125,56217.97265625,61243.08593750,60669829814
2021-03-14,61221.13281250,61597.91796875,59302.31640625,59302.31640625,43901225564
2021-03-15,59267.42968750,60540.99218750,55393.16406250,55907.19921875,66419369890
2021-03-16,55840.78515625,56833.17968750,53555.02734375,56804.90234375,59749798599
2021-03-17,56825.82812500,58969.81640625,54528.62890625,58870.89453125,60258313191
2021-03-18,58893.07812500,60116.25000000,54253.57812500,57858.92187500,55746041000
2021-03-19,57850.44140625,59498.37500000,56643.70312500,58346.65234375,49063873786
2021-03-20,58332.26171875,60031.28515625,58213.29687500,58313.64453125,50361731222
2021-03-21,58309.91406250,58767.89843750,56005.61718750,57523.42187500,51943414539
2021-03-22,57517.89062500,58471.48046875,54288.15625000,54529.14453125,56521454974
2021-03-23,54511.66015625,55985.44140625,53470.69531250,54738.94531250,56435023914
2021-03-24,54710.48828125,57262.38281250,52514.33203125,52774.26562500,70567223787
2021-03-25,52726.74609375,53392.38671875,50856.57031250,51704.16015625,67999812841
2021-03-26,51683.01171875,55137.31250000,51579.85546875,55137.31250000,56652197978
2021-03-27,55137.56640625,56568.21484375,54242.91015625,55973.51171875,47266542233
2021-03-28,55974.94140625,56610.31250000,55071.11328125,55950.74609375,47686580918
2021-03-29,55947.89843750,58342.09765625,55139.33984375,57750.19921875,57625587027
2021-03-30,57750.13281250,59447.22265625,57251.55078125,58917.69140625,54414116432
2021-03-31,58930.27734375,59930.02734375,57726.41796875,58918.83203125,65520826225
2021-04-01,58926.56250000,59586.07031250,58505.27734375,59095.80859375,61669163792
2021-04-02,59098.87890625,60267.18750000,58869.28125000,59384.31250000,58727860620
2021-04-03,59397.41015625,60110.26953125,57603.89062500,57603.89062500,59641344484
2021-04-04,57604.83984375,58913.74609375,57168.67578125,58758.55468750,50749662970
2021-04-05,58760.87500000,59891.29687500,57694.82421875,59057.87890625,60706272115
2021-04-06,59171.93359375,59479.57812500,57646.80859375,58192.35937500,66058027988
2021-04-07,58186.50781250,58731.14453125,55604.02343750,56048.93750000,75645303584
2021-04-08,56099.91406250,58338.73828125,55879.08593750,58323.95312500,53053855641
2021-04-09,58326.56250000,58937.04687500,57807.86328125,58245.00390625,46655208546
2021-04-10,58253.77734375,61276.66406250,58038.70703125,59793.23437500,58238470525
2021-04-11,59846.23046875,60790.55468750,59289.79687500,60204.96484375,46280252580
2021-04-12,60175.94531250,61253.03515625,59589.87500000,59893.45312500,51828688519
2021-04-13,59890.01953125,63742.28515625,59869.95703125,63503.45703125,69983454362
2021-04-14,63523.75390625,64863.09765625,61554.79687500,63109.69531250,77451779687
2021-04-15,63075.19531250,63821.67187500,62208.96484375,63314.01171875,60954381579
2021-04-16,63258.50390625,63594.72265625,60222.53125000,61572.78906250,84293007468
2021-04-17,61529.92187500,62572.17578125,60361.35156250,60683.82031250,66138759198
2021-04-18,60701.88671875,61057.45703125,52829.53515625,56216.18359375,97468872758
2021-04-19,56191.58593750,57520.05468750,54368.59375000,55724.26562500,65344865159
2021-04-20,55681.79296875,57062.14843750,53448.04687500,56473.03125000,67849323955
2021-04-21,56471.12890625,56757.97265625,53695.46875000,53906.08984375,54926612466
2021-04-22,53857.10546875,55410.23046875,50583.81250000,51762.27343750,74798630778
2021-04-23,51739.80859375,52120.79296875,47714.66406250,51093.65234375,86668667320
2021-04-24,51143.22656250,51167.56250000,48805.28515625,50050.86718750,49014494781
2021-04-25,50052.83203125,50506.01953125,47159.48437500,49004.25390625,46117114240
2021-04-26,49077.79296875,54288.00390625,48852.79687500,54021.75390625,58284039825
2021-04-27,54030.30468750,55416.96484375,53319.18750000,55033.11718750,49448222757
2021-04-28,55036.63671875,56227.20703125,53887.91796875,54824.70312500,48000572955
2021-04-29,54858.08984375,55115.84375000,52418.02734375,53555.10937500,46088929780
2021-04-30,53568.66406250,57900.71875000,53129.60156250,57750.17578125,52395931985
2021-05-01,57714.66406250,58448.33984375,57052.27343750,57828.05078125,42836427360
2021-05-02,57825.86328125,57902.59375000,56141.90625000,56631.07812500,38177405335
2021-05-03,56620.27343750,58973.30859375,56590.87109375,57200.29296875,51713139031
2021-05-04,57214.17968750,57214.17968750,53191.42578125,53333.53906250,68564706967
2021-05-05,53252.16406250,57911.36328125,52969.05468750,57424.00781250,69241316747
2021-05-06,57441.30859375,58363.31640625,55382.50781250,56396.51562500,69523285106
2021-05-07,56413.95312500,58606.63281250,55321.84765625,57356.40234375,68434023376
2021-05-08,57352.76562500,59464.61328125,56975.21093750,58803.77734375,65382980634
2021-05-09,58877.39062500,59210.88281250,56482.00390625,58232.31640625,65906690347
2021-05-10,58250.87109375,59519.35546875,54071.45703125,55859.79687500,71776546298
2021-05-11,55847.24218750,56872.54296875,54608.65234375,56704.57421875,61308396325
2021-05-12,56714.53125000,57939.36328125,49150.53515625,49150.53515625,75215403907
2021-05-13,49735.43359375,51330.84375000,46980.01953125,49716.19140625,96721152926
2021-05-14,49682.98046875,51438.11718750,48868.57812500,49880.53515625,55737497453
2021-05-15,49855.49609375,50639.66406250,46664.14062500,46760.18750000,59161047474
2021-05-16,46716.63671875,49720.04296875,43963.35156250,46456.05859375,64047871555
2021-05-17,46415.89843750,46623.55859375,42207.28906250,43537.51171875,74903638450
2021-05-18,43488.05859375,45812.45703125,42367.83203125,42909.40234375,56187365084
2021-05-19,42944.97656250,43546.11718750,30681.49609375,37002.44140625,126358098747
2021-05-20,36753.66796875,42462.98437500,35050.61718750,40782.73828125,88281943359
2021-05-21,40596.94921875,42172.17187500,33616.45312500,37304.69140625,82051616861
2021-05-22,37371.03125000,38831.05468750,35383.68359375,37536.63281250,57377273240
2021-05-23,37531.44921875,38289.21875000,31227.33984375,34770.58203125,78469274361
2021-05-24,34700.36328125,39835.14062500,34551.08203125,38705.98046875,67359584098
2021-05-25,38795.78125000,39776.35156250,36581.42968750,38402.22265625,56211915803
2021-05-26,38392.62500000,40782.07812500,37905.83593750,39294.19921875,51346735160
2021-05-27,39316.89062500,40379.61718750,37247.90234375,38436.96875000,43210968721
2021-05-28,38507.08203125,38856.96875000,34779.03906250,35697.60546875,55200191952
2021-05-29,35684.15625000,37234.50000000,33693.92968750,34616.06640625,45231013335
2021-05-30,34607.40625000,36400.66796875,33520.73828125,35678.12890625,31646080921
2021-05-31,35658.59375000,37468.25000000,34241.94531250,37332.85546875,39009847639
2021-06-01,37293.79296875,37896.73437500,35787.08593750,36684.92578125,34639423297
2021-06-02,36699.92187500,38231.33984375,35966.30859375,37575.17968750,33070867190
2021-06-03,37599.41015625,39478.95312500,37243.97265625,39208.76562500,35460750427
2021-06-04,39242.48437500,39242.48437500,35717.72265625,36894.40625000,41831090187
2021-06-05,36880.15625000,37917.71484375,34900.41406250,35551.95703125,35959473399
2021-06-06,35538.60937500,36436.42187500,35304.57812500,35862.37890625,28913440585
2021-06-07,35835.26562500,36790.57031250,33480.64062500,33560.70703125,33683936663
2021-06-08,33589.51953125,34017.38671875,31114.44335938,33472.63281250,49902050442
2021-06-09,33416.97656250,37537.37109375,32475.86523438,37345.12109375,53972919008
2021-06-10,37389.51562500,38334.32421875,35847.59375000,36702.59765625,43576032854
2021-06-11,36697.03125000,37608.69531250,36044.44921875,37334.39843750,38699736985
2021-06-12,37340.14453125,37408.92578125,34728.19140625,35552.51562500,37924228550
2021-06-13,35555.78906250,39322.78125000,34864.10937500,39097.85937500,40669112838
2021-06-14,39016.96875000,40978.36328125,38757.28515625,40218.47656250,43148914673
2021-06-15,40427.16796875,41295.26953125,39609.46875000,40406.26953125,46420149185
2021-06-16,40168.69140625,40516.77734375,38176.03515625,38347.06250000,39211635100
2021-06-17,38341.42187500,39513.67187500,37439.67578125,38053.50390625,37096670047
2021-06-18,38099.47656250,38187.26171875,35255.85546875,35787.24609375,36200887275
2021-06-19,35854.52734375,36457.79687500,34933.06250000,35615.87109375,31207279719
2021-06-20,35563.14062500,36059.48437500,33432.07421875,35698.29687500,36664034054
2021-06-21,35641.14453125,35721.64062500,31295.93554688,31676.69335938,52809038594
2021-06-22,31622.37695312,33292.45312500,28893.62109375,32505.66015625,58964353058
2021-06-23,32515.71484375,34753.41015625,31772.63281250,33723.02734375,46317108925
2021-06-24,33682.80078125,35228.85156250,32385.21484375,34662.43750000,33123368116
2021-06-25,34659.10546875,35487.24609375,31350.88476562,31637.77929688,40230904226
2021-06-26,31594.66406250,32637.58789062,30184.50195312,32186.27734375,38585385521
2021-06-27,32287.52343750,34656.12890625,32071.75781250,34649.64453125,35511640894
2021-06-28,34679.12109375,35219.89062500,33902.07421875,34434.33593750,33892523752
2021-06-29,34475.55859375,36542.10937500,34252.48437500,35867.77734375,37901460044
2021-06-30,35908.38671875,36074.75781250,34086.15234375,35040.83593750,34059036099
2021-07-01,35035.98437500,35035.98437500,32883.78125000,33572.11718750,37838957079
2021-07-02,33549.60156250,33939.58984375,32770.67968750,33897.04687500,38728974942
2021-07-03,33854.42187500,34909.26171875,33402.69531250,34668.54687500,24383958643
2021-07-04,34665.56640625,35937.56640625,34396.47656250,35287.78125000,24924307911
2021-07-05,35284.34375000,35284.34375000,33213.66015625,33746.00390625,26721554282
2021-07-06,33723.50781250,35038.53515625,33599.91796875,34235.19531250,26501259870
2021-07-07,34225.67968750,34997.66406250,33839.28906250,33855.32812500,24796027477
2021-07-08,33889.60546875,33907.90625000,32133.18359375,32877.37109375,29910396946
2021-07-09,32861.67187500,34042.29296875,32318.88085938,33798.01171875,27436021028
2021-07-10,33811.24218750,34209.07031250,33116.01171875,33520.51953125,22971873468
2021-07-11,33509.07812500,34584.70312500,33346.73828125,34240.18750000,20108729370
2021-07-12,34254.01562500,34592.15625000,32697.30859375,33155.84765625,24321499537
2021-07-13,33125.46875000,33327.10156250,32261.41992188,32702.02539062,19120856669
2021-07-14,32723.84570312,33061.39843750,31639.12500000,32822.34765625,21376531210
2021-07-15,32827.87500000,33159.64062500,31175.70898438,31780.73046875,21300524237
2021-07-16,31841.55078125,32218.40625000,31100.67382812,31421.53906250,23699476918
2021-07-17,31397.30859375,31935.94531250,31223.99023438,31533.06835938,18895018942
2021-07-18,31533.88476562,32398.99609375,31215.49218750,31796.81054688,18787986667
2021-07-19,31800.01171875,31885.85937500,30563.73437500,30817.83203125,20434789545
2021-07-20,30838.28515625,31006.18750000,29360.95507812,29807.34765625,23148267245
2021-07-21,29796.28515625,32752.32617188,29526.18359375,32110.69335938,28203024559
2021-07-22,32138.87304688,32576.40039062,31745.29882812,32313.10546875,19555230518
2021-07-23,32305.95898438,33581.55078125,32057.89257812,33581.55078125,22552046192
2021-07-24,33593.73046875,34490.39062500,33424.85937500,34292.44531250,21664706865
2021-07-25,34290.29296875,35364.92578125,33881.83593750,35350.18750000,20856685287
2021-07-26,35384.03125000,40499.67578125,35287.31250000,37337.53515625,51022126212
2021-07-27,37276.03515625,39406.94140625,36441.72656250,39406.94140625,35097370560
2021-07-28,39503.18750000,40816.07031250,38862.43750000,39995.90625000,38702404695
2021-07-29,39995.45312500,40593.07031250,39352.05859375,40008.42187500,27167146027
2021-07-30,40027.48437500,42235.54687500,38397.35546875,42235.54687500,33072782960
2021-07-31,42196.30468750,42231.44921875,41110.83203125,41626.19531250,25802845343
2021-08-01,41460.84375000,42541.67968750,39540.94140625,39974.89453125,26688438115
2021-08-02,39907.26171875,40419.17968750,38746.34765625,39201.94531250,25595265436
2021-08-03,39178.40234375,39750.03125000,37782.05078125,38152.98046875,26189830450
2021-08-04,38213.33203125,39952.29687500,37589.16406250,39747.50390625,25372562724
2021-08-05,39744.51562500,41341.93359375,37458.00390625,40869.55468750,35185031017
2021-08-06,40865.86718750,43271.66015625,39932.17968750,42816.50000000,38226483046
2021-08-07,42832.79687500,44689.85937500,42618.56640625,44555.80078125,40030862141
2021-08-08,44574.43750000,45282.35156250,43331.91015625,43798.11718750,36302664750
2021-08-09,43791.92578125,46456.83203125,42848.68750000,46365.40234375,38734079049
2021-08-10,46280.84765625,46637.98828125,44705.55468750,45585.03125000,33546019517
2021-08-11,45599.70312500,46735.63281250,45351.71093750,45593.63671875,34319709073
2021-08-12,45576.87890625,46228.91015625,43861.44531250,44428.28906250,33723620826
2021-08-13,44439.69140625,47831.97656250,44282.41796875,47793.32031250,31744259539
2021-08-14,47810.68750000,48098.68359375,46177.63281250,47096.94531250,31211354442
2021-08-15,47096.66796875,47357.10546875,45579.58984375,47047.00390625,30988958446
2021-08-16,47019.96093750,47998.09765625,45700.32031250,46004.48437500,32776876610
2021-08-17,45936.45703125,47139.57031250,44512.41796875,44695.35937500,33451362600
2021-08-18,44686.75000000,45952.06250000,44364.02734375,44801.18750000,32194123075
2021-08-19,44741.88281250,46970.76171875,43998.31640625,46717.57812500,37204312299
2021-08-20,46723.12109375,49342.15234375,46650.70703125,49339.17578125,34706867452
2021-08-21,49327.07421875,49717.01953125,48312.19921875,48905.49218750,40585205312
2021-08-22,48869.10546875,49471.60937500,48199.94140625,49321.65234375,25370975378
2021-08-23,49291.67578125,50482.07812500,49074.60546875,49546.14843750,34305053719
2021-08-24,49562.34765625,49878.76953125,47687.11718750,47706.11718750,35361168834
2021-08-25,47727.25781250,49202.87890625,47163.61328125,48960.78906250,32646349931
2021-08-26,49002.64062500,49347.58203125,46405.78125000,46942.21875000,32666549568
2021-08-27,46894.55468750,49112.78515625,46394.28125000,49058.66796875,34511076995
2021-08-28,49072.58593750,49283.50390625,48499.23828125,48902.40234375,28568103401
2021-08-29,48911.25000000,49644.11328125,47925.85546875,48829.83203125,25889650240
2021-08-30,48834.85156250,48925.60546875,46950.27343750,47054.98437500,31847007016
2021-08-31,47024.33984375,48189.55078125,46750.09375000,47166.68750000,34730363427
2021-09-01,47099.77343750,49111.08984375,46562.43750000,48847.02734375,39139399125
2021-09-02,48807.84765625,50343.42187500,48652.32031250,49327.72265625,39508070319
2021-09-03,49288.25000000,50982.27343750,48386.08593750,50025.37500000,43206179619
2021-09-04,50009.32421875,50545.58203125,49548.78125000,49944.62500000,37471327794
2021-09-05,49937.85937500,51868.67968750,49538.59765625,51753.41015625,30322676319
2021-09-06,51769.00390625,52700.94140625,51053.67968750,52633.53515625,38884105426
2021-09-07,52660.48046875,52853.76562500,43285.20703125,46811.12890625,65210059683
2021-09-08,46827.76171875,47334.05468750,44561.39453125,46091.39062500,49007762488
2021-09-09,45774.74218750,47261.94921875,45669.73828125,46391.42187500,38672657013
2021-09-10,46396.66406250,47031.74218750,44344.48437500,44883.91015625,39154666597
2021-09-11,44869.83984375,45969.29296875,44818.26562500,45201.45703125,34499835245
2021-09-12,45206.62890625,46364.87890625,44790.46093750,46063.26953125,27881980161
2021-09-13,46057.21484375,46598.67968750,43591.32031250,44963.07421875,40969943253
2021-09-14,44960.05078125,47218.12500000,44752.33203125,47092.49218750,38652152880
2021-09-15,47098.00000000,48450.46875000,46773.32812500,48176.34765625,30484496466
2021-09-16,48158.90625000,48486.82812500,47079.55859375,47783.35937500,31764293754
2021-09-17,47771.00390625,48160.92187500,46832.52343750,47267.51953125,28727713711
2021-09-18,47273.52734375,48791.78125000,47087.28515625,48278.36328125,28575630451
2021-09-19,48268.85546875,48328.36718750,46919.80468750,47260.21875000,26967722648
2021-09-20,47261.40625000,47328.19921875,42598.91406250,42843.80078125,43909845642
2021-09-21,43012.23437500,43607.60937500,39787.60937500,40693.67578125,48701090088
2021-09-22,40677.95312500,43978.62109375,40625.63281250,43574.50781250,38139709246
2021-09-23,43560.29687500,44942.17578125,43109.33984375,44895.09765625,34244064430
2021-09-24,44894.30078125,45080.49218750,40936.55859375,42839.75000000,42839345714
2021-09-25,42840.89062500,42996.25781250,41759.92187500,42716.59375000,31604717236
2021-09-26,42721.62890625,43919.30078125,40848.46093750,43208.53906250,30661222077
2021-09-27,43234.18359375,44313.24609375,42190.63281250,42235.73046875,30980029059
2021-09-28,42200.89843750,42775.14453125,40931.66406250,41034.54296875,30214940550
2021-09-29,41064.98437500,42545.25781250,40829.66796875,41564.36328125,30602359905
2021-09-30,41551.26953125,44092.60156250,41444.58203125,43790.89453125,31141681925
2021-10-01,43816.74218750,48436.01171875,43320.02343750,48116.94140625,42850641582
2021-10-02,48137.46875000,48282.06250000,47465.49609375,47711.48828125,30614346492
2021-10-03,47680.02734375,49130.69140625,47157.28906250,48199.95312500,26638115879
2021-10-04,48208.90625000,49456.77734375,47045.00390625,49112.90234375,33383173002
2021-10-05,49174.96093750,51839.98437500,49072.83984375,51514.81250000,35873904236
2021-10-06,51486.66406250,55568.46484375,50488.19140625,55361.44921875,49034730168
2021-10-07,55338.62500000,55338.62500000,53525.46875000,53805.98437500,36807860413
2021-10-08,53802.14453125,55922.98046875,53688.05468750,53967.84765625,34800873924
2021-10-09,53929.78125000,55397.94531250,53735.14453125,54968.22265625,32491211414
2021-10-10,54952.82031250,56401.30468750,54264.25781250,54771.57812500,39527792364
2021-10-11,54734.12500000,57793.03906250,54519.76562500,57484.78906250,42637331698
2021-10-12,57526.83203125,57627.87890625,54477.97265625,56041.05859375,41083758949
2021-10-13,56038.25781250,57688.66015625,54370.97265625,57401.09765625,41684252783
2021-10-14,57372.83203125,58478.73437500,56957.07421875,57321.52343750,36615791366
2021-10-15,57345.90234375,62757.12890625,56868.14453125,61593.94921875,51780081801
2021-10-16,61609.52734375,62274.47656250,60206.12109375,60892.17968750,34250964237
2021-10-17,60887.65234375,61645.52343750,59164.46875000,61553.61718750,29032367511
2021-10-18,61548.80468750,62614.66015625,60012.75781250,62026.07812500,38055562075
2021-10-19,62043.16406250,64434.53515625,61622.93359375,64261.99218750,40471196346
2021-10-20,64284.58593750,66930.39062500,63610.67578125,65992.83593750,40788955582
2021-10-21,66002.23437500,66600.54687500,62117.41015625,62210.17187500,45908121370
2021-10-22,62237.89062500,63715.02343750,60122.79687500,60692.26562500,38434082775
2021-10-23,60694.62890625,61743.87890625,59826.52343750,61393.61718750,26882546034
2021-10-24,61368.34375000,61505.80468750,59643.34375000,60930.83593750,27316183882
2021-10-25,60893.92578125,63729.32421875,60691.80078125,63039.82421875,31064911614
2021-10-26,63032.76171875,63229.02734375,59991.16015625,60363.79296875,34878965587
2021-10-27,60352.00000000,61435.18359375,58208.18750000,58482.38671875,43657076893
2021-10-28,58470.73046875,62128.63281250,58206.91796875,60622.13671875,45257083247
2021-10-29,60624.87109375,62927.60937500,60329.96484375,62227.96484375,36856881767
2021-10-30,62239.36328125,62330.14453125,60918.38671875,61888.83203125,32157938616
2021-10-31,61850.48828125,62406.17187500,60074.32812500,61318.95703125,32241199927
2021-11-01,61320.44921875,62419.00390625,59695.18359375,61004.40625000,36150572843
2021-11-02,60963.25390625,64242.79296875,60673.05468750,63226.40234375,37746665647
2021-11-03,63254.33593750,63516.93750000,61184.23828125,62970.04687500,36124731509
2021-11-04,62941.80468750,63123.28906250,60799.66406250,61452.23046875,32615846901
2021-11-05,61460.07812500,62541.46875000,60844.60937500,61125.67578125,30605102446
2021-11-06,61068.87500000,61590.68359375,60163.78125000,61527.48046875,29094934221
2021-11-07,61554.92187500,63326.98828125,61432.48828125,63326.98828125,24726754302
2021-11-08,63344.06640625,67673.74218750,63344.06640625,67566.82812500,41125608330
2021-11-09,67549.73437500,68530.33593750,66382.06250000,66971.82812500,42357991721
2021-11-10,66953.33593750,68789.62500000,63208.11328125,64995.23046875,48730828378
2021-11-11,64978.89062500,65579.01562500,64180.48828125,64949.96093750,35880633236
2021-11-12,64863.98046875,65460.81640625,62333.91406250,64155.94140625,36084893887
2021-11-13,64158.12109375,64915.67578125,63303.73437500,64469.52734375,30474228777
2021-11-14,64455.37109375,65495.17968750,63647.80859375,65466.83984375,25122092191
2021-11-15,65521.28906250,66281.57031250,63548.14453125,63557.87109375,30558763548
2021-11-16,63721.19531250,63721.19531250,59016.33593750,60161.24609375,46844335592
2021-11-17,60139.62109375,60823.60937500,58515.41015625,60368.01171875,39178392930
2021-11-18,60360.13671875,60948.50000000,56550.79296875,56942.13671875,41388338699
2021-11-19,56896.12890625,58351.11328125,55705.17968750,58119.57812500,38702407772
2021-11-20,58115.08203125,59859.87890625,57469.72656250,59697.19531250,30624264863
2021-11-21,59730.50781250,60004.42578125,58618.92968750,58730.47656250,26123447605
2021-11-22,58706.84765625,59266.35937500,55679.83984375,56289.28906250,35036121783
2021-11-23,56304.55468750,57875.51562500,55632.76171875,57569.07421875,37485803899
2021-11-24,57565.85156250,57803.06640625,55964.22265625,56280.42578125,36635566789
2021-11-25,57165.41796875,59367.96875000,57146.68359375,57274.67968750,34284016248
2021-11-26,58960.28515625,59183.48046875,53569.76562500,53569.76562500,41810748221
2021-11-27,53736.42968750,55329.25781250,53668.35546875,54815.07812500,30560857714
2021-11-28,54813.02343750,57393.84375000,53576.73437500,57248.45703125,28116886357
2021-11-29,57291.90625000,58872.87890625,56792.52734375,57806.56640625,32370840356
2021-11-30,57830.11328125,59113.40234375,56057.28125000,57005.42578125,36708594618
2021-12-01,56907.96484375,59041.68359375,56553.08203125,57229.82812500,36858195307
2021-12-02,57217.37109375,57349.23437500,55895.13281250,56477.81640625,32379968686
2021-12-03,56509.16406250,57482.16796875,52496.58593750,53598.24609375,39789134215
2021-12-04,53727.87890625,53904.67968750,42874.61718750,49200.70312500,61385677469
2021-12-05,49201.51953125,49768.14843750,47857.49609375,49368.84765625,37198201161
2021-12-06,49413.48046875,50929.51953125,47281.03515625,50582.62500000,37707308001
2021-12-07,50581.82812500,51934.78125000,50175.80859375,50700.08593750,33676814852
2021-12-08,50667.64843750,51171.37500000,48765.98828125,50504.79687500,28479699446
2021-12-09,50450.08203125,50797.16406250,47358.35156250,47672.12109375,29603577251
2021-12-10,47642.14453125,50015.25390625,47023.69921875,47243.30468750,30966005122
2021-12-11,47264.63281250,49458.21093750,46942.34765625,49362.50781250,25775869261
2021-12-12,49354.85546875,50724.86718750,48725.85156250,50098.33593750,21939223599
2021-12-13,50114.74218750,50205.00000000,45894.84765625,46737.48046875,32166727776
2021-12-14,46709.82421875,48431.39843750,46424.49609375,46612.63281250,34638619079
2021-12-15,48379.75390625,49473.95703125,46671.96484375,48896.72265625,36541828520
2021-12-16,48900.46484375,49425.57421875,47529.87890625,47665.42578125,27268150947
2021-12-17,47653.73046875,48004.89453125,45618.21484375,46202.14453125,32902725329
2021-12-18,46219.25390625,47313.82812500,45598.44140625,46848.77734375,26098292690
2021-12-19,46853.86718750,48089.66406250,46502.95312500,46707.01562500,25154053861
2021-12-20,46707.06250000,47401.71875000,45579.80859375,46880.27734375,30961902129
2021-12-21,46886.07812500,49300.91796875,46698.77343750,48936.61328125,27055803928
2021-12-22,48937.09765625,49544.79687500,48450.94140625,48628.51171875,24447979559
2021-12-23,48626.34375000,51332.33984375,48065.83593750,50784.53906250,28223878108
2021-12-24,50806.05078125,51814.02734375,50514.49609375,50822.19531250,24367912228
2021-12-25,50854.91796875,51176.59765625,50236.70703125,50429.85937500,19030650914
2021-12-26,50428.69140625,51196.37890625,49623.10546875,50809.51562500,20964372926
2021-12-27,50802.60937500,51956.32812500,50499.46875000,50640.41796875,24324345758
2021-12-28,50679.85937500,50679.85937500,47414.21093750,47588.85546875,33430376883
2021-12-29,47623.87109375,48119.74218750,46201.49609375,46444.71093750,30049226299
2021-12-30,46490.60546875,47879.96484375,46060.31250000,47178.12500000,26686491018
2021-12-31,47169.37109375,48472.52734375,45819.95312500,46306.44531250,36974172400
2022-01-01,46311.74609375,47827.31250000,46288.48437500,47686.81250000,24582667004
2022-01-02,47680.92578125,47881.40625000,46856.93750000,47345.21875000,27951569547
2022-01-03,47343.54296875,47510.72656250,45835.96484375,46458.11718750,33071628362
2022-01-04,46458.85156250,47406.54687500,45752.46484375,45897.57421875,42494677905
2022-01-05,45899.35937500,46929.04687500,42798.22265625,43569.00390625,36851084859
2022-01-06,43565.51171875,43748.71875000,42645.53906250,43160.92968750,30208048289
2022-01-07,43153.57031250,43153.57031250,41077.44531250,41557.90234375,84196607520
2022-01-08,41561.46484375,42228.94140625,40672.27734375,41733.94140625,28066355845
2022-01-09,41734.72656250,42663.94921875,41338.16015625,41911.60156250,21294384372
2022-01-10,41910.23046875,42199.48437500,39796.57031250,41821.26171875,32104232331
2022-01-11,41819.50781250,43001.15625000,41407.75390625,42735.85546875,26327648900
2022-01-12,42742.17968750,44135.36718750,42528.98828125,43949.10156250,33499938689
2022-01-13,43946.74218750,44278.42187500,42447.04296875,42591.57031250,47691135082
2022-01-14,42598.87109375,43346.68750000,41982.61718750,43099.69921875,23577403399
2022-01-15,43101.89843750,43724.67187500,42669.03515625,43177.39843750,18371348298
2022-01-16,43172.03906250,43436.80859375,42691.02343750,43113.87890625,17902097845
2022-01-17,43118.12109375,43179.39062500,41680.32031250,42250.55078125,21690904261
2022-01-18,42250.07421875,42534.40234375,41392.21484375,42375.63281250,22417209227
2022-01-19,42374.03906250,42478.30468750,41242.91406250,41744.32812500,23091543258
2022-01-20,41744.02734375,43413.02343750,40672.82421875,40680.41796875,20382033940
2022-01-21,40699.60546875,41060.52734375,35791.42578125,36457.31640625,43011992031
2022-01-22,36471.58984375,36688.81250000,34349.25000000,35030.25000000,39714385405
2022-01-23,35047.35937500,36433.31250000,34784.96875000,36276.80468750,26017975951
2022-01-24,36275.73437500,37247.51953125,33184.05859375,36654.32812500,41856658597
2022-01-25,36654.80468750,37444.57031250,35779.42968750,36954.00390625,26428189594
2022-01-26,36950.51562500,38825.41015625,36374.90625000,36852.12109375,31324598034
2022-01-27,36841.87890625,37148.32421875,35629.28125000,37138.23437500,25041426629
2022-01-28,37128.44531250,37952.87890625,36211.10937500,37784.33203125,22238830523
2022-01-29,37780.71484375,38576.26171875,37406.47265625,38138.17968750,17194183075
2022-01-30,38151.91796875,38266.33984375,37437.71093750,37917.60156250,14643548444
2022-01-31,37920.28125000,38647.26171875,36733.57421875,38483.12500000,20734730465
2022-02-01,38481.76562500,39115.13281250,38113.66406250,38743.27343750,20288500328
2022-02-02,38743.71484375,38834.61718750,36832.73046875,36952.98437500,19155189416
2022-02-03,36944.80468750,37154.60156250,36375.53906250,37154.60156250,18591534769
2022-02-04,37149.26562500,41527.78515625,37093.62890625,41500.87500000,29412210792
2022-02-05,41501.48046875,41847.16406250,41038.09765625,41441.16406250,19652846215
2022-02-06,41441.12109375,42500.78515625,41244.90625000,42412.43359375,16142097334
2022-02-07,42406.78125000,44401.86328125,41748.15625000,43840.28515625,28641855926
2022-02-08,43854.65234375,45293.86718750,42807.83593750,44118.44531250,33079398868
2022-02-09,44096.70312500,44727.80078125,43232.96875000,44338.79687500,23245887300
2022-02-10,44347.80078125,45661.17187500,43402.80859375,43565.11328125,32142048537
2022-02-11,43571.12890625,43810.83203125,42114.53906250,42407.93750000,26954925781
2022-02-12,42412.30078125,42992.55078125,41852.57421875,42244.46875000,18152390304
2022-02-13,42236.56640625,42693.05468750,41950.94140625,42197.51562500,14741589015
2022-02-14,42157.39843750,42775.77734375,41681.95703125,42586.91796875,20827783012
2022-02-15,42586.46484375,44667.21875000,42491.03515625,44575.20312500,22721659051
2022-02-16,44578.27734375,44578.27734375,43456.69140625,43961.85937500,19792547657
2022-02-17,43937.07031250,44132.97265625,40249.37109375,40538.01171875,26246662813
2022-02-18,40552.13281250,40929.15234375,39637.61718750,40030.97656250,23310007704
2022-02-19,40026.02343750,40418.87890625,39713.05859375,40122.15625000,13736557863
2022-02-20,40118.10156250,40119.89062500,38112.81250000,38431.37890625,18340576452
2022-02-21,38423.21093750,39394.43750000,36950.47656250,37075.28125000,29280402798
2022-02-22,37068.76953125,38359.85546875,36488.93359375,38286.02734375,25493150450
2022-02-23,38285.28125000,39122.39453125,37201.81640625,37296.57031250,21849073843
2022-02-24,37278.56640625,38968.83984375,34459.21875000,38332.60937500,46383802093
2022-02-25,38333.74609375,39630.32421875,38111.34375000,39214.21875000,26545599159
2022-02-26,39213.08203125,40005.34765625,38702.53515625,39105.14843750,17467554129
2022-02-27,39098.69921875,39778.94140625,37268.97656250,37709.78515625,23450127612
2022-02-28,37706.00000000,43760.45703125,37518.21484375,43193.23437500,35690014104
2022-03-01,43194.50390625,44793.60156250,42952.58593750,44354.63671875,32479047645
2022-03-02,44357.61718750,45077.57812500,43432.85156250,43924.11718750,29183112630
2022-03-03,43925.19531250,44021.57812500,41914.75000000,42451.78906250,24967782593
2022-03-04,42458.14062500,42479.61328125,38805.84765625,39137.60546875,28516271427
2022-03-05,39148.44921875,39566.33593750,38777.03515625,39400.58593750,16975917450
2022-03-06,39404.19921875,39640.17578125,38211.64843750,38419.98437500,19745229902
2022-03-07,38429.30468750,39430.22656250,37260.20312500,38062.03906250,28546143503
2022-03-08,38059.90234375,39304.44140625,37957.38671875,38737.26953125,25776583476
2022-03-09,38742.81640625,42465.67187500,38706.09375000,41982.92578125,32284121034
2022-03-10,41974.07031250,42004.72656250,38832.94140625,39437.46093750,31078064711
2022-03-11,39439.96875000,40081.67968750,38347.43359375,38794.97265625,26364890465
2022-03-12,38794.46484375,39308.59765625,38772.53515625,38904.01171875,14616450657
2022-03-13,38884.72656250,39209.35156250,37728.14453125,37849.66406250,17300745310
2022-03-14,37846.31640625,39742.50000000,37680.73437500,39666.75390625,24322159070
2022-03-15,39664.25000000,39794.62890625,38310.21093750,39338.78515625,23934000868
2022-03-16,39335.57031250,41465.45312500,39022.34765625,41143.92968750,39616916192
2022-03-17,41140.84375000,41287.53515625,40662.87109375,40951.37890625,22009601093
2022-03-18,40944.83984375,42195.74609375,40302.39843750,41801.15625000,34421564942
2022-03-19,41794.64843750,42316.55468750,41602.66796875,42190.65234375,19664853187
2022-03-20,42191.40625000,42241.16406250,41004.75781250,41247.82421875,20127946682
2022-03-21,41246.13281250,41454.41015625,40668.04296875,41077.99609375,24615543271
2022-03-22,41074.10546875,43124.70703125,40948.28125000,42358.80859375,32004652376
2022-03-23,42364.37890625,42893.50781250,41877.50781250,42892.95703125,25242943069
2022-03-24,42886.65234375,44131.85546875,42726.16406250,43960.93359375,31042992291
2022-03-25,43964.54687500,44999.49218750,43706.28515625,44348.73046875,30574413034
2022-03-26,44349.85937500,44735.99609375,44166.27343750,44500.82812500,16950455995
2022-03-27,44505.35546875,46827.54687500,44437.29296875,46820.49218750,28160889722
2022-03-28,46821.85156250,48086.83593750,46690.20312500,47128.00390625,36362175703
2022-03-29,47100.43750000,48022.28906250,47100.43750000,47465.73046875,31397059069
2022-03-30,47456.89843750,47655.14843750,46746.21093750,47062.66406250,29333883962
2022-03-31,47062.14843750,47512.02734375,45390.53906250,45538.67578125,33327427106
2022-04-01,45554.16406250,46616.24218750,44403.14062500,46281.64453125,38162644287
2022-04-02,46285.50000000,47028.28125000,45782.51171875,45868.94921875,29336594194
2022-04-03,45859.12890625,47313.47656250,45634.10546875,46453.56640625,25414397610
2022-04-04,46445.27343750,46791.08984375,45235.81640625,46622.67578125,32499785455
2022-04-05,46624.50781250,47106.14062500,45544.80859375,45555.99218750,29640604055
2022-04-06,45544.35546875,45544.35546875,43193.95312500,43206.73828125,39393395788
2022-04-07,43207.50000000,43860.69921875,42899.90625000,43503.84765625,26101973106
2022-04-08,43505.13671875,43903.01953125,42183.28906250,42287.66406250,27215995394
2022-04-09,42282.07812500,42786.81640625,42183.25390625,42782.13671875,16050772496
2022-04-10,42781.08984375,43376.37890625,42021.20703125,42207.67187500,17654475582
2022-04-11,42201.03906250,42424.58984375,39373.05859375,39521.90234375,33949912166
2022-04-12,39533.71484375,40617.58593750,39388.32812500,40127.18359375,30991500854
2022-04-13,40123.57031250,41430.05468750,39712.74609375,41166.73046875,27691105228
2022-04-14,41160.21875000,41451.48046875,39695.74609375,39935.51562500,24342001973
2022-04-15,39939.40234375,40617.72265625,39866.83203125,40553.46484375,21756855753
2022-04-16,40552.31640625,40633.67968750,40078.42578125,40424.48437500,16833150693
2022-04-17,40417.77734375,40570.72656250,39620.89453125,39716.95312500,19087633042
2022-04-18,39721.20312500,40986.32031250,38696.19140625,40826.21484375,33705182072
2022-04-19,40828.17578125,41672.96093750,40618.63281250,41502.75000000,25303206547
2022-04-20,41501.74609375,42126.30078125,40961.09765625,41374.37890625,27819532341
2022-04-21,41371.51562500,42893.58203125,40063.82812500,40527.36328125,35372786395
2022-04-22,40525.86328125,40777.75781250,39315.41796875,39740.32031250,28011716745
2022-04-23,39738.72265625,39935.85937500,39352.20312500,39486.73046875,16138021249
2022-04-24,39478.37500000,39845.92578125,39233.53906250,39469.29296875,17964398167
2022-04-25,39472.60546875,40491.75390625,38338.37890625,40458.30859375,35445730570
2022-04-26,40448.42187500,40713.89062500,37884.98437500,38117.46093750,34569088416
2022-04-27,38120.30078125,39397.91796875,37997.31250000,39241.12109375,30981015184
2022-04-28,39241.42968750,40269.46484375,38941.42187500,39773.82812500,33903704907
2022-04-29,39768.61718750,39887.26953125,38235.53515625,38609.82421875,30882994649
2022-04-30,38605.85937500,38771.21093750,37697.94140625,37714.87500000,23895713731
2022-05-01,37713.26562500,38627.85937500,37585.78906250,38469.09375000,27002760110
2022-05-02,38472.18750000,39074.97265625,38156.56250000,38529.32812500,32922642426
2022-05-03,38528.10937500,38629.99609375,37585.62109375,37750.45312500,27326943244
2022-05-04,37748.01171875,39902.94921875,37732.05859375,39698.37109375,36754404490
2022-05-05,39695.74609375,39789.28125000,35856.51562500,36575.14062500,43106256317
2022-05-06,36573.18359375,36624.35937500,35482.13281250,36040.92187500,37795577489
2022-05-07,36042.50390625,36129.92578125,34940.82421875,35501.95312500,24375896406
2022-05-08,35502.94140625,35502.94140625,33878.96484375,34059.26562500,36763041910
2022-05-09,34060.01562500,34222.07421875,30296.95312500,30296.95312500,63355494961
2022-05-10,30273.65429688,32596.30859375,29944.80273438,31022.90625000,59811038817
2022-05-11,31016.18359375,32013.40234375,28170.41406250,28936.35546875,70388855818
2022-05-12,28936.73437500,30032.43945312,26350.49023438,29047.75195312,66989173272
2022-05-13,29030.91015625,30924.80273438,28782.33007812,29283.10351562,42841124537
2022-05-14,29285.64257812,30192.80273438,28702.91015625,30101.26562500,28579868620
2022-05-15,30098.58593750,31308.19140625,29527.74023438,31305.11328125,25835372065
2022-05-16,31304.37500000,31305.34179688,29251.88476562,29862.91796875,32613897286
2022-05-17,29862.40820312,30694.49023438,29570.30273438,30425.85742188,29101473475
2022-05-18,30424.47851562,30618.71679688,28720.27148438,28720.27148438,31285268319
2022-05-19,28720.35937500,30430.75195312,28708.95507812,30314.33398438,33773447707
2022-05-20,30311.11914062,30664.97656250,28793.60546875,29200.74023438,30749382605
2022-05-21,29199.85937500,29588.86914062,29027.39453125,29432.22656250,17274840442
2022-05-22,29432.47265625,30425.86132812,29275.18359375,30323.72265625,21631532270
2022-05-23,30309.39648438,30590.58593750,28975.56054688,29098.91015625,31483454557
2022-05-24,29101.12500000,29774.35546875,28786.58984375,29655.58593750,26616506245
2022-05-25,29653.13476562,30157.78515625,29384.94921875,29562.36132812,27525063551
2022-05-26,29564.77734375,29834.16015625,28261.90625000,29267.22460938,36774325352
2022-05-27,29251.14062500,29346.94335938,28326.61328125,28627.57421875,36582005748
2022-05-28,28622.62500000,28814.90039062,28554.56640625,28814.90039062,35519577634
2022-05-29,29019.86718750,29498.00976562,28841.10742188,29445.95703125,18093886409
2022-05-30,29443.36523438,31949.63085938,29303.57226562,31726.39062500,39277993274
2022-05-31,31723.86523438,32249.86328125,31286.15429688,31792.31054688,33538210634
2022-06-01,31792.55468750,31957.28515625,29501.58789062,29799.08007812,41135817341
2022-06-02,29794.89062500,30604.73437500,29652.70507812,30467.48828125,29083562061
2022-06-03,30467.80664062,30633.03515625,29375.68945312,29704.39062500,26175547452
2022-06-04,29706.13867188,29930.56445312,29500.00585938,29832.91406250,16588370958
2022-06-05,29835.11718750,30117.74414062,29574.44921875,29906.66210938,17264085441
2022-06-06,29910.28320312,31693.29101562,29894.18750000,31370.67187500,31947336829
2022-06-07,31371.74218750,31489.68359375,29311.68359375,31155.47851562,40770974039
2022-06-08,31151.48046875,31253.69140625,29944.40429688,30214.35546875,30242059107
2022-06-09,30215.27929688,30609.31054688,30020.26562500,30111.99804688,21692004719
2022-06-10,30110.33007812,30245.80859375,28978.14648438,29083.80468750,29867476527
2022-06-11,29084.66601562,29401.91601562,28236.21289062,28360.81054688,27246574439
2022-06-12,28373.51367188,28502.68554688,26762.64843750,26762.64843750,34163220274
2022-06-13,26737.57812500,26795.58984375,22141.25781250,22487.38867188,68204556440
2022-06-14,22487.98632812,23018.95117188,20950.81835938,22206.79296875,50913575242
2022-06-15,22196.73046875,22642.67187500,20178.37695312,22572.83984375,54912007015
2022-06-16,22576.30468750,22868.92187500,20265.22656250,20381.65039062,31183975654
2022-06-17,20385.71875000,21243.31250000,20326.51953125,20471.48242188,27132421514
2022-06-18,20473.42578125,20736.04101562,17708.62304688,19017.64257812,42009436760
2022-06-19,19010.90234375,20683.82226562,18067.15234375,20553.27148438,35329942625
2022-06-20,20553.37109375,20913.32226562,19689.16992188,20599.53710938,30818458597
2022-06-21,20594.29492188,21620.62890625,20415.06250000,20710.59765625,28970212744
2022-06-22,20719.41406250,20835.75000000,19848.07812500,19987.02929688,28574793478
2022-06-23,19986.60742188,21135.76171875,19950.11718750,21085.87695312,26188097173
2022-06-24,21084.64843750,21472.91796875,20777.51171875,21231.65625000,24957784918
2022-06-25,21233.60937500,21520.91406250,20964.58593750,21502.33789062,18372538715
2022-06-26,21496.49414062,21783.72460938,21016.26953125,21027.29492188,18027170497
2022-06-27,21028.23828125,21478.08984375,20620.19921875,20735.47851562,20965695707
2022-06-28,20731.54492188,21164.42382812,20228.81250000,20280.63476562,21381535161
2022-06-29,20281.16992188,20364.15625000,19937.79101562,20104.02343750,23552740328
2022-06-30,20108.31250000,20141.16015625,18729.65625000,19784.72656250,26267239923
2022-07-01,19820.47070312,20632.67187500,19073.70898438,19269.36718750,30767551159
2022-07-02,19274.83593750,19371.74804688,19027.08203125,19242.25585938,18100418740
2022-07-03,19242.09570312,19558.26953125,18966.95117188,19297.07617188,16390821947
2022-07-04,19297.31445312,20258.74804688,19063.06640625,20231.26171875,21594638208
2022-07-05,20225.35351562,20635.46679688,19341.23242188,20190.11523438,26715546990
2022-07-06,20194.61914062,20595.52929688,19823.51171875,20548.24609375,24598943708
2022-07-07,20547.81445312,21771.81640625,20296.10351562,21637.58789062,25814972520
2022-07-08,21637.15429688,22314.94140625,21257.45312500,21731.11718750,49899834488
2022-07-09,21716.82812500,21877.13867188,21445.95703125,21592.20703125,29641127858
2022-07-10,21591.08007812,21591.08007812,20727.12304688,20860.44921875,28688807249
2022-07-11,20856.35351562,20856.35351562,19924.53906250,19970.55664062,24150249025
2022-07-12,19970.47460938,20043.44531250,19308.53125000,19323.91406250,25810220018
2022-07-13,19325.97265625,20223.05273438,18999.95312500,20212.07421875,33042430345
2022-07-14,20211.46679688,20789.89453125,19689.25781250,20569.91992188,31158743333
2022-07-15,20573.15625000,21138.24414062,20397.00000000,20836.32812500,25905575359
2022-07-16,20834.10351562,21514.40429688,20518.89843750,21190.31640625,24302954056
2022-07-17,21195.04101562,21600.64062500,20778.17968750,20779.34375000,22927802083
2022-07-18,20781.91210938,22633.03320312,20781.91210938,22485.68945312,39974475562
2022-07-19,22467.84960938,23666.96289062,21683.40625000,23389.43359375,48765202697
2022-07-20,23393.19140625,24196.81835938,23009.94921875,23231.73242188,42932549127
2022-07-21,23233.20117188,23388.32226562,22431.14843750,23164.62890625,33631012204
2022-07-22,23163.75195312,23671.92773438,22603.41601562,22714.97851562,31421555646
2022-07-23,22706.98437500,22977.21093750,22002.91015625,22465.47851562,24021799169
2022-07-24,22465.50976562,22974.00195312,22306.83984375,22609.16406250,23565495303
2022-07-25,22607.15625000,22649.12109375,21361.64257812,21361.70117188,35574561406
2022-07-26,21361.12109375,21361.12109375,20776.81640625,21239.75390625,28624673855
2022-07-27,21244.16992188,22986.52929688,21070.80664062,22930.54882812,31758955233
2022-07-28,22933.64062500,24110.47070312,22722.26562500,23843.88671875,40212386158
2022-07-29,23845.21289062,24294.78710938,23481.17382812,23804.63281250,35887249746
2022-07-30,23796.81835938,24572.58007812,23580.50781250,23656.20703125,28148218301
2022-07-31,23652.07031250,24121.64257812,23275.70312500,23336.89648438,23553591896
2022-08-01,23336.71875000,23464.78710938,22890.79687500,23314.19921875,25849159141
2022-08-02,23308.43359375,23415.04101562,22710.08398438,22978.11718750,28389250717
2022-08-03,22981.30273438,23578.65039062,22747.83593750,22846.50781250,26288169966
2022-08-04,22848.21484375,23198.00976562,22485.70117188,22630.95703125,25120229769
2022-08-05,22626.83398438,23422.82812500,22612.17773438,23289.31445312,28881249043
2022-08-06,23291.42382812,23326.56250000,22961.27929688,22961.27929688,15978259885
2022-08-07,22963.50585938,23359.00976562,22894.55664062,23175.89062500,15886817043
2022-08-08,23179.52734375,24203.68945312,23176.54687500,23809.48632812,28575544847
2022-08-09,23811.48437500,23898.61523438,22982.00000000,23164.31835938,23555719219
2022-08-10,23162.89843750,24127.41406250,22771.51953125,23947.64257812,32837431722
2022-08-11,23948.34570312,24822.62890625,23900.99609375,23957.52929688,37127036580
2022-08-12,23957.20312500,24412.56640625,23657.26562500,24402.81835938,27265804688
2022-08-13,24402.18750000,24860.05078125,24346.11523438,24424.06835938,22987346289
2022-08-14,24429.05664062,24974.91406250,24206.25976562,24319.33398438,22994133555
2022-08-15,24318.31640625,25135.58984375,23839.77539062,24136.97265625,35123501685
2022-08-16,24126.13671875,24228.41601562,23733.50000000,23883.29101562,27753685646
2022-08-17,23881.31640625,24407.05859375,23243.35351562,23335.99804688,30931623076
2022-08-18,23341.03906250,23563.83203125,23177.60156250,23212.73828125,23747613147
2022-08-19,23213.31250000,23213.31250000,20868.84765625,20877.55273438,40509610260
2022-08-20,20872.84179688,21350.80664062,20856.73046875,21166.06054688,27595671000
2022-08-21,21160.39257812,21668.84570312,21103.19726562,21534.12109375,23102307723
2022-08-22,21531.46289062,21531.46289062,20939.18359375,21398.90820312,31666498758
2022-08-23,21401.04492188,21646.20312500,20955.13867188,21528.08789062,31878280659
2022-08-24,21526.45507812,21783.07617188,21195.00585938,21395.01953125,31962253368
2022-08-25,21395.45898438,21789.63671875,21362.44140625,21600.90429688,31028679593
2022-08-26,21596.08593750,21804.90820312,20199.48242188,20260.01953125,42326789564
2022-08-27,20262.48046875,20340.77539062,19890.52343750,20041.73828125,30116729776
2022-08-28,20041.03515625,20139.05468750,19616.81445312,19616.81445312,24366810591
2022-08-29,19615.15429688,20357.46289062,19600.78515625,20297.99414062,32637854078
2022-08-30,20298.61132812,20542.64453125,19617.64062500,19796.80859375,34483360283
2022-08-31,19799.58203125,20420.99023438,19799.58203125,20049.76367188,33225232872
2022-09-01,20050.49804688,20198.39062500,19653.96875000,20127.14062500,30182031010
2022-09-02,20126.07226562,20401.56835938,19814.76562500,19969.77148438,29123998928
2022-09-03,19969.71875000,20037.00976562,19698.35546875,19832.08789062,23613051457
2022-09-04,19832.47070312,19999.68945312,19636.81640625,19986.71289062,25245861652
2022-09-05,19988.78906250,20031.16015625,19673.04687500,19812.37109375,28813460025
2022-09-06,19817.72460938,20155.26953125,18800.17187500,18837.66796875,43403978910
2022-09-07,18837.68359375,19427.17187500,18644.46679688,19290.32421875,35239757134
2022-09-08,19289.94140625,19417.35156250,19076.71484375,19329.83398438,32194477850
2022-09-09,19328.14062500,21439.41015625,19310.96289062,21381.15234375,48469528171
2022-09-10,21376.91210938,21760.27539062,21168.72265625,21680.53906250,36913738894
2022-09-11,21678.54296875,21770.55273438,21406.94531250,21769.25585938,34493951963
2022-09-12,21770.14843750,22439.18164062,21603.89648438,22370.44921875,50212088965
2022-09-13,22371.48046875,22673.82031250,20062.66992188,20296.70703125,51091116622
2022-09-14,20184.55468750,20467.20117188,19793.39648438,20241.08984375,37872380889
2022-09-15,20242.28906250,20318.16601562,19636.73437500,19701.21093750,36389011503
2022-09-16,19704.00585938,19870.62890625,19400.07617188,19772.58398438,30123362273
2022-09-17,19777.03320312,20162.53125000,19777.03320312,20127.57617188,24957448100
2022-09-18,20127.23437500,20127.23437500,19387.49218750,19419.50585938,31254779144
2022-09-19,19418.57226562,19639.48046875,18390.31835938,19544.12890625,40177002624
2022-09-20,19545.59179688,19602.45703125,18813.45507812,18890.78906250,36791346508
2022-09-21,18891.28320312,19674.63085938,18290.31445312,18547.40039062,46363793975
2022-09-22,18534.65039062,19456.91015625,18415.59179688,19413.55078125,41135767926
2022-09-23,19412.40039062,19464.67187500,18617.55273438,19297.63867188,38896078052
2022-09-24,19296.99023438,19310.19726562,18861.97460938,18937.01171875,26149643168
2022-09-25,18936.31054688,19134.73242188,18696.46875000,18802.09765625,23359966112
2022-09-26,18803.90039062,19274.87304688,18721.28515625,19222.67187500,44148798321
2022-09-27,19221.83984375,20338.45507812,18915.66796875,19110.54687500,58571439619
2022-09-28,19104.62109375,19688.34375000,18553.29687500,19426.72070312,53071298734
2022-09-29,19427.77929688,19589.26562500,18924.35351562,19573.05078125,41037843771
2022-09-30,19573.43164062,20109.84960938,19265.66210938,19431.78906250,43975248085
2022-10-01,19431.10546875,19471.15429688,19231.08203125,19312.09570312,18719537670
2022-10-02,19311.84960938,19370.30859375,18970.62109375,19044.10742188,20765955327
2022-10-03,19044.06835938,19653.54296875,19025.22656250,19623.58007812,30484729489
2022-10-04,19623.58398438,20380.34375000,19523.83984375,20336.84375000,35887278685
2022-10-05,20335.90039062,20343.74804688,19801.80078125,20160.71679688,33223790572
2022-10-06,20161.03906250,20408.39257812,19900.08789062,19955.44335938,34711412966
2022-10-07,19957.55859375,20041.08593750,19395.79296875,19546.84960938,29227315390
2022-10-08,19546.32812500,19601.69531250,19299.41406250,19416.56835938,16437423167
2022-10-09,19417.47851562,19542.53906250,19349.25976562,19446.42578125,16837262532
2022-10-10,19446.41601562,19515.46679688,19102.97851562,19141.48437500,27425022774
2022-10-11,19139.00000000,19241.96093750,18925.60351562,19051.41796875,28711532910
2022-10-12,19052.64648438,19203.19921875,19029.75781250,19157.44531250,24950173846
2022-10-13,19156.96679688,19453.32812500,18319.82226562,19382.90429688,44219840004
2022-10-14,19382.53320312,19889.14648438,19115.40820312,19185.65625000,38452356727
2022-10-15,19185.43750000,19212.54101562,19019.25000000,19067.63476562,16192235532
2022-10-16,19068.91406250,19389.60351562,19068.91406250,19268.09375000,17988916650
2022-10-17,19268.56250000,19635.80273438,19173.33398438,19550.75781250,27472552998
2022-10-18,19550.46679688,19666.99414062,19144.76953125,19334.41601562,30580012344
2022-10-19,19335.02734375,19348.41601562,19127.68750000,19139.53515625,22425387184
2022-10-20,19138.08593750,19315.19921875,18971.45898438,19053.74023438,24493974420
2022-10-21,19053.20312500,19237.38476562,18770.97070312,19172.46875000,32459287866
2022-10-22,19172.38085938,19248.06835938,19132.24414062,19208.18945312,16104440957
2022-10-23,19207.73437500,19646.65234375,19124.19726562,19567.00781250,22128794335
2022-10-24,19567.76953125,19589.12500000,19206.32421875,19345.57226562,30202235805
2022-10-25,19344.96484375,20348.41210938,19261.44726562,20095.85742188,47761524910
2022-10-26,20092.23632812,20938.13476562,20076.11718750,20770.44140625,58895950537
2022-10-27,20772.80273438,20854.04492188,20255.37304688,20285.83593750,49625110402
2022-10-28,20287.95703125,20724.98046875,20086.06835938,20595.35156250,43994715910
2022-10-29,20595.10351562,20988.39453125,20566.48437500,20818.47656250,40369840645
2022-10-30,20817.98242188,20917.00585938,20547.46289062,20635.60351562,31486345556
2022-10-31,20633.69531250,20795.32031250,20287.45898438,20495.77343750,45668466815
2022-11-01,20494.89843750,20647.28906250,20359.84570312,20485.27343750,39819303159
2022-11-02,20482.95898438,20742.81054688,20087.13476562,20159.50390625,55552169483
2022-11-03,20162.68945312,20382.09570312,20086.24023438,20209.98828125,43228750179
2022-11-04,20208.76953125,21209.56054688,20188.01953125,21147.23046875,64072727950
2022-11-05,21144.83203125,21446.88671875,21097.63476562,21282.69140625,37846047609
2022-11-06,21285.05664062,21345.37695312,20920.19140625,20926.48632812,35082693210
2022-11-07,20924.62109375,21053.24609375,20489.97265625,20602.81640625,53510852236
2022-11-08,20600.67187500,20664.60742188,17603.54492188,18541.27148438,118992465607
2022-11-09,18543.76171875,18590.45898438,15682.69238281,15880.78027344,102905151606
2022-11-10,15883.15820312,18054.31250000,15834.01855469,17586.77148438,83202283721
2022-11-11,17583.25195312,17650.94335938,16543.48242188,17034.29296875,55871616488
2022-11-12,17036.87500000,17066.67578125,16651.77539062,16799.18554688,29717699419
2022-11-13,16799.72265625,16920.76562500,16320.63476562,16353.36523438,27209183682
2022-11-14,16352.02832031,17109.32421875,15872.94140625,16618.19921875,49630243054
2022-11-15,16617.48437500,17051.96289062,16542.55078125,16884.61328125,36599436183
2022-11-16,16884.34179688,16960.29492188,16430.11132812,16669.43945312,33925512989
2022-11-17,16670.42578125,16726.43945312,16460.68359375,16687.51757812,27868914022
2022-11-18,16687.91210938,16947.05859375,16564.61132812,16697.77734375,26862218609
2022-11-19,16696.22070312,16797.87695312,16570.41015625,16711.54687500,16106223492
2022-11-20,16712.91992188,16746.77929688,16248.69238281,16291.83203125,21313378652
2022-11-21,16291.22363281,16291.22363281,15599.04687500,15787.28417969,37429485518
2022-11-22,15782.30078125,16253.04785156,15656.60644531,16189.76953125,30726828760
2022-11-23,16195.58886719,16638.19335938,16170.50292969,16610.70703125,32958875628
2022-11-24,16611.63671875,16771.47460938,16501.76757812,16604.46484375,26129037414
2022-11-25,16602.26953125,16603.31640625,16388.40429688,16521.84179688,18678255976
2022-11-26,16521.57617188,16666.86328125,16416.22851562,16464.28125000,18000008764
2022-11-27,16463.88281250,16594.40625000,16437.02539062,16444.62695312,20443898509
2022-11-28,16440.22265625,16482.93359375,16054.53027344,16217.32226562,27743025156
2022-11-29,16217.63964844,16522.25781250,16139.39648438,16444.98242188,23581685468
2022-11-30,16445.47656250,17190.93750000,16445.47656250,17168.56640625,29523576583
2022-12-01,17168.00195312,17197.49804688,16888.38867188,16967.13281250,22895392882
2022-12-02,16968.68359375,17088.66015625,16877.88085938,17088.66015625,19539705127
2022-12-03,17090.09765625,17116.04101562,16888.14062500,16908.23632812,16217776704
2022-12-04,16908.16992188,17157.76757812,16903.43945312,17130.48632812,16824520830
2022-12-05,17128.89453125,17378.15234375,16922.43164062,16974.82617188,22209086834
2022-12-06,16975.23828125,17091.86328125,16939.92187500,17089.50390625,19889922369
2022-12-07,17089.50585938,17109.37695312,16750.55859375,16848.12695312,19675404389
2022-12-08,16847.34960938,17267.91601562,16788.78320312,17233.47460938,20496603770
2022-12-09,17232.14843750,17280.54687500,17100.83593750,17133.15234375,20328426366
2022-12-10,17134.22070312,17216.82617188,17120.68359375,17128.72460938,12706781969
2022-12-11,17129.71093750,17245.63476562,17091.82031250,17104.19335938,14122486832
2022-12-12,17102.50000000,17212.56445312,16899.39453125,17206.43750000,19617581341
2022-12-13,17206.44140625,17930.08593750,17111.76367188,17781.31835938,26634741631
2022-12-14,17782.06640625,18318.53125000,17739.51367188,17815.65039062,25534481470
2022-12-15,17813.64453125,17846.74414062,17322.58984375,17364.86523438,20964448341
2022-12-16,17364.54687500,17505.52539062,16584.70117188,16647.48437500,24031608960
2022-12-17,16646.98242188,16800.58984375,16614.02929688,16795.09179688,14463581825
2022-12-18,16795.60937500,16815.38671875,16697.82031250,16757.97656250,10924354698
2022-12-19,16759.04101562,16807.52734375,16398.13671875,16439.67968750,17221074814
2022-12-20,16441.78710938,17012.98437500,16427.86718750,16906.30468750,22722096615
2022-12-21,16904.52734375,16916.80078125,16755.91210938,16817.53515625,14882945045
2022-12-22,16818.38085938,16866.67382812,16592.40820312,16830.34179688,16441573050
2022-12-23,16829.64453125,16905.21875000,16794.45898438,16796.95312500,15329265213
2022-12-24,16796.97656250,16864.70312500,16793.52734375,16847.75585938,9744636213
2022-12-25,16847.50585938,16860.55468750,16755.25390625,16841.98632812,11656379938
2022-12-26,16842.25000000,16920.12304688,16812.36914062,16919.80468750,11886957804
2022-12-27,16919.29101562,16959.84570312,16642.07226562,16717.17382812,15748580239
2022-12-28,16716.40039062,16768.16992188,16497.55664062,16552.57226562,17005713920
2022-12-29,16552.32226562,16651.75585938,16508.68359375,16642.34179688,14472237479
2022-12-30,16641.33007812,16643.42773438,16408.47460938,16602.58593750,15929162910
2022-12-31,16603.67382812,16628.98632812,16517.51953125,16547.49609375,11239186456
2023-01-01,16547.91406250,16630.43945312,16521.23437500,16625.08007812,9244361700
2023-01-02,16625.50976562,16759.34375000,16572.22851562,16688.47070312,12097775227
2023-01-03,16688.84765625,16760.44726562,16622.37109375,16679.85742188,13903079207
2023-01-04,16680.20507812,16964.58593750,16667.76367188,16863.23828125,18421743322
2023-01-05,16863.47265625,16884.02148438,16790.28320312,16836.73632812,13692758566
2023-01-06,16836.47265625,16991.99414062,16716.42187500,16951.96875000,14413662913
2023-01-07,16952.11718750,16975.01757812,16914.19140625,16955.07812500,7714767174
2023-01-08,16954.14648438,17091.14453125,16924.05078125,17091.14453125,9768827914
2023-01-09,17093.99218750,17389.95703125,17093.99218750,17196.55468750,18624736866
2023-01-10,17192.94921875,17484.72070312,17162.99023438,17446.29296875,15808338949
2023-01-11,17446.35937500,17934.89648438,17337.99414062,17934.89648438,18372283782
2023-01-12,18117.59375000,19030.08789062,17995.20312500,18869.58789062,34971338710
2023-01-13,18868.90625000,19964.32226562,18753.16406250,19909.57421875,29225029694
2023-01-14,19910.53710938,21075.14257812,19907.82812500,20976.29882812,38967784639
2023-01-15,20977.48437500,20993.74804688,20606.98632812,20880.79882812,19298407543
2023-01-16,20882.22460938,21360.87500000,20715.74609375,21169.63281250,26792494050
2023-01-17,21175.83398438,21438.66015625,20978.53320312,21161.51953125,24999983362
2023-01-18,21161.05078125,21564.50195312,20541.54492188,20688.78125000,30005625418
2023-01-19,20686.74609375,21163.01171875,20685.38085938,21086.79296875,21152848261
2023-01-20,21085.37304688,22692.35742188,20919.12695312,22676.55273438,28799154319
2023-01-21,22677.42773438,23282.34765625,22511.83398438,22777.62500000,32442278429
2023-01-22,22777.98632812,23056.73046875,22387.90039062,22720.41601562,24746386230
2023-01-23,22721.08789062,23126.48632812,22654.30468750,22934.43164062,26518700512
2023-01-24,22929.62695312,23134.01171875,22549.74414062,22636.46875000,26405069715
2023-01-25,22639.26757812,23722.09960938,22406.07617188,23117.85937500,30685366709
2023-01-26,23108.95507812,23237.07812500,22911.37304688,23032.77734375,26357839322
2023-01-27,23030.71679688,23417.72070312,22654.59375000,23078.72851562,25383335641
2023-01-28,23079.96484375,23165.89648438,22908.84570312,23031.08984375,14712928379
2023-01-29,23031.44921875,23919.89062500,22985.07031250,23774.56640625,27423687259
2023-01-30,23774.64843750,23789.34765625,22657.58203125,22840.13867188,27205595568
2023-01-31,22840.79687500,23225.02148438,22765.56835938,23139.28320312,22837828665
2023-02-01,23137.83593750,23764.53906250,22877.75000000,23723.76953125,26683255504
2023-02-02,23720.82421875,24167.21093750,23468.59570312,23471.87109375,32066936882
2023-02-03,23469.41210938,23678.10351562,23279.95507812,23449.32226562,27083066007
2023-02-04,23446.32031250,23556.94921875,23291.79492188,23331.84765625,15639298538
2023-02-05,23332.24804688,23423.43554688,22841.75976562,22955.66601562,19564262605
2023-02-06,22954.02148438,23119.27929688,22692.02539062,22760.10937500,23825006542
2023-02-07,22757.26757812,23310.97460938,22756.25781250,23264.29101562,27187964471
2023-02-08,23263.41601562,23367.95898438,22731.09765625,22939.39843750,25371367758
2023-02-09,22946.56640625,22996.43750000,21773.97460938,21819.03906250,32572572185
2023-02-10,21819.00585938,21941.18554688,21539.39257812,21651.18359375,27078406594
2023-02-11,21651.84179688,21891.41015625,21618.44921875,21870.87500000,16356226232
2023-02-12,21870.90234375,22060.99414062,21682.82812500,21788.20312500,17821046406
2023-02-13,21787.00000000,21898.41406250,21460.08789062,21808.10156250,23918742607
2023-02-14,21801.82226562,22293.14062500,21632.39453125,22220.80468750,26792596581
2023-02-15,22220.58593750,24307.84179688,22082.76953125,24307.84179688,32483312909
2023-02-16,24307.34960938,25134.11718750,23602.52343750,23623.47460938,39316664596
2023-02-17,23621.28320312,24924.04101562,23460.75585938,24565.60156250,41358451255
2023-02-18,24565.29687500,24798.83593750,24468.37304688,24641.27734375,19625427158
2023-02-19,24640.02734375,25093.05468750,24327.64257812,24327.64257812,25555105670
2023-02-20,24336.62304688,25020.45898438,23927.91015625,24829.14843750,28987376573
2023-02-21,24833.04882812,25126.85156250,24200.36328125,24436.35351562,31252098714
2023-02-22,24437.41796875,24472.33984375,23644.31835938,24188.84375000,30199996781
2023-02-23,24190.71875000,24572.08984375,23693.91992188,23947.49218750,30476264066
2023-02-24,23946.00781250,24103.70507812,23007.07226562,23198.12695312,26811744928
2023-02-25,23200.12500000,23210.21093750,22861.55859375,23175.37500000,16100721565
2023-02-26,23174.15039062,23654.36718750,23084.22070312,23561.21289062,16644534842
2023-02-27,23561.45117188,23857.89062500,23205.87890625,23522.87109375,22660763494
2023-02-28,23521.83789062,23585.38476562,23077.65039062,23147.35351562,20535363434
2023-03-01,23150.92968750,23880.63281250,23088.62695312,23646.55078125,24662841200
2023-03-02,23647.01953125,23739.13867188,23245.02148438,23475.46679688,20386398516
2023-03-03,23476.63281250,23479.34765625,22213.23828125,22362.67968750,26062404610
2023-03-04,22362.92382812,22405.17773438,22198.98046875,22353.34960938,11166012913
2023-03-05,22354.14453125,22613.68554688,22307.14257812,22435.51367188,13317001733
2023-03-06,22436.81640625,22584.29296875,22331.31445312,22429.75781250,17353192895
2023-03-07,22428.32226562,22527.41796875,22011.26171875,22219.76953125,22765452204
2023-03-08,22216.44140625,22268.89648438,21708.05078125,21718.08007812,22536575684
2023-03-09,21720.08007812,21802.71679688,20210.30664062,20363.02148438,30364664171
2023-03-10,20367.00195312,20370.59570312,19628.25390625,20187.24414062,39578257695
2023-03-11,20187.87695312,20792.52539062,20068.66015625,20632.41015625,30180288176
2023-03-12,20628.02929688,22185.03125000,20448.80664062,22163.94921875,29279035521
2023-03-13,22156.40625000,24550.83789062,21918.19921875,24197.53320312,49466362688
2023-03-14,24201.76562500,26514.71679688,24081.18359375,24746.07421875,54622230164
2023-03-15,24770.92578125,25240.61523438,23964.91015625,24375.96093750,43655701450
2023-03-16,24373.45703125,25190.32617188,24225.11132812,25052.78906250,33866061747
2023-03-17,25055.12304688,27787.81250000,24955.16992188,27423.92968750,50730261335
2023-03-18,27448.11718750,27725.95312500,26636.26171875,26965.87890625,35723036817
2023-03-19,26969.50390625,28440.56054688,26907.71679688,28038.67578125,37769448859
2023-03-20,28041.60156250,28527.72460938,27242.88085938,27767.23632812,44774027664
2023-03-21,27768.39257812,28439.56250000,27439.64648438,28175.81640625,36102192830
2023-03-22,28158.72070312,28803.33593750,26759.99609375,27307.43750000,33382021890
2023-03-23,27301.95703125,28729.84375000,27183.36328125,28333.97265625,24220433689
2023-03-24,28324.11132812,28388.43750000,27039.26562500,27493.28515625,25980310960
2023-03-25,27487.33789062,27791.82617188,27196.23437500,27494.70703125,13383005987
2023-03-26,27495.52343750,28178.14453125,27445.04687500,27994.33007812,13878363192
2023-03-27,27994.06835938,28037.92578125,26606.68945312,27139.88867188,18188895178
2023-03-28,27132.88867188,27460.71875000,26677.81835938,27268.13085938,17783600385
2023-03-29,27267.03125000,28619.54296875,27259.66210938,28348.44140625,20684945906
2023-03-30,28350.14062500,29159.90234375,27720.16015625,28033.56250000,22435349951
2023-03-31,28032.26171875,28639.89648438,27583.71484375,28478.48437500,19001327598
2023-04-01,28473.33203125,28802.45703125,28297.17187500,28411.03515625,10876469901
2023-04-02,28462.84570312,28518.95898438,27884.08789062,28199.30859375,12284641999
2023-04-03,28183.08007812,28475.62304688,27276.72070312,27790.22070312,19556501327
2023-04-04,27795.27343750,28433.74218750,27681.30468750,28168.08984375,15284538859
2023-04-05,28169.72656250,28739.23828125,27843.76367188,28177.98437500,17052315986
2023-04-06,28175.22656250,28178.38476562,27738.75976562,28044.14062500,13837809380
2023-04-07,28038.96679688,28111.59375000,27794.03125000,27925.85937500,10861680497
2023-04-08,27920.51367188,28159.86328125,27883.38671875,27947.79492188,9373255556
2023-04-09,27952.36718750,28532.83007812,27828.48046875,28333.05078125,12175322951
2023-04-10,28336.02734375,29771.46484375,28189.27148438,29652.98046875,19282400094
2023-04-11,29653.67968750,30509.08398438,29609.30078125,30235.05859375,20121259843
2023-04-12,30231.58203125,30462.48046875,29725.57421875,30139.05273438,18651929926
2023-04-13,29892.74023438,30539.84570312,29878.62304688,30399.06640625,17487721001
2023-04-14,30409.56250000,31005.60742188,30044.49804688,30485.69921875,22659995079
2023-04-15,30490.75000000,30601.74023438,30245.88281250,30318.49609375,11940685378
2023-04-16,30315.97656250,30555.53710938,30157.83203125,30315.35546875,12854816417
2023-04-17,30317.14648438,30319.19726562,29275.37109375,29445.04492188,17872186762
2023-04-18,29449.09179688,30470.30273438,29154.84960938,30397.55273438,19480529496
2023-04-19,30394.18750000,30411.05468750,28669.89843750,28822.67968750,24571565421
2023-04-20,28823.68359375,29076.40039062,28037.25781250,28245.98828125,21340360360
2023-04-21,28249.23046875,28349.96875000,27177.36523438,27276.91015625,20759504330
2023-04-22,27265.89453125,27872.14257812,27169.57031250,27817.50000000,13125734602
2023-04-23,27816.14453125,27820.24414062,27400.31445312,27591.38476562,12785446832
2023-04-24,27591.73046875,27979.98242188,27070.84960938,27525.33984375,17703288330
2023-04-25,27514.87304688,28371.07812500,27207.93164062,28307.59765625,17733373139
2023-04-26,28300.05859375,29995.83789062,27324.54882812,28422.70117188,31854242019
2023-04-27,28428.46484375,29871.54687500,28402.88671875,29473.78710938,27153445027
2023-04-28,29481.01367188,29572.79101562,28929.60937500,29340.26171875,17544464887
2023-04-29,29336.56640625,29452.45507812,29088.04296875,29248.48828125,10662634333
2023-04-30,29245.51562500,29952.02929688,29114.02148438,29268.80664062,14652199272
2023-05-01,29227.10351562,29329.93554688,27680.79296875,28091.56835938,18655599976
2023-05-02,28087.17578125,28881.29882812,27924.12304688,28680.53710938,16432924527
2023-05-03,28680.49414062,29259.53320312,28178.38867188,29006.30859375,19122972518
2023-05-04,29031.30468750,29353.18554688,28694.03906250,28847.71093750,15548678514
2023-05-05,28851.48046875,29668.90820312,28845.50976562,29534.38476562,17936566518
2023-05-06,29538.85937500,29820.12695312,28468.96679688,28904.62304688,15913866714
2023-05-07,28901.62304688,29157.51757812,28441.36718750,28454.97851562,11301355486
2023-05-08,28450.45703125,28663.27148438,27310.13476562,27694.27343750,19122903752
2023-05-09,27695.06835938,27821.40039062,27375.60156250,27658.77539062,14128593256
2023-05-10,27654.63671875,28322.68750000,26883.66992188,27621.75585938,20656025026
2023-05-11,27621.08593750,27621.94140625,26781.82617188,27000.78906250,16724343943
2023-05-12,26987.66210938,27055.64648438,25878.42968750,26804.99023438,19313599897
2023-05-13,26807.76953125,27030.48242188,26710.87304688,26784.07812500,9999171605
2023-05-14,26788.97460938,27150.97656250,26661.35546875,26930.63867188,10014858959
2023-05-15,26931.38476562,27646.34765625,26766.09765625,27192.69335938,14413231792
2023-05-16,27171.51367188,27299.30468750,26878.94726562,27036.65039062,12732238816
2023-05-17,27035.47070312,27465.92773438,26600.14453125,27398.80273438,15140006925
2023-05-18,27401.65039062,27466.52734375,26415.10156250,26832.20898438,15222938600
2023-05-19,26826.75390625,27128.61914062,26700.21093750,26890.12890625,11258983301
2023-05-20,26888.84179688,27155.15820312,26843.27734375,27129.58593750,7044911360
2023-05-21,27118.42382812,27265.91796875,26706.92187500,26753.82617188,8647416921
2023-05-22,26749.89257812,27045.73437500,26549.73437500,26851.27734375,11056770492
2023-05-23,26855.96093750,27434.68359375,26816.17968750,27225.72656250,13697203143
2023-05-24,27224.60351562,27224.60351562,26106.57617188,26334.81835938,16299104428
2023-05-25,26329.46093750,26591.51953125,25890.59375000,26476.20703125,13851122697
2023-05-26,26474.18164062,26916.66992188,26343.94921875,26719.29101562,12711619225
2023-05-27,26720.18164062,26888.88281250,26621.14062500,26868.35351562,7892015141
2023-05-28,26871.15820312,28193.44921875,26802.75195312,28085.64648438,14545229578
2023-05-29,28075.59179688,28432.03906250,27563.87695312,27745.88476562,15181308984
2023-05-30,27745.12304688,28044.75976562,27588.50195312,27702.34960938,13251081851
2023-05-31,27700.52929688,27831.67773438,26866.45312500,27219.65820312,15656371534
2023-06-01,27218.41210938,27346.10546875,26671.72070312,26819.97265625,14678970415
2023-06-02,26824.55664062,27303.86132812,26574.64453125,27249.58984375,14837415000
2023-06-03,27252.32421875,27317.05273438,26958.00390625,27075.12890625,8385597470
2023-06-04,27075.12304688,27407.01953125,26968.22460938,27119.06640625,9360912318
2023-06-05,27123.10937500,27129.98242188,25445.16796875,25760.09765625,21513292646
2023-06-06,25732.10937500,27313.82031250,25434.86718750,27238.78320312,21929670693
2023-06-07,27235.65039062,27332.18164062,26146.98828125,26345.99804688,19530045082
2023-06-08,26347.65429688,26797.51367188,26246.66406250,26508.21679688,11904824295
2023-06-09,26505.92382812,26770.28906250,26339.31445312,26480.37500000,11015551640
2023-06-10,26481.76171875,26531.04492188,25501.83593750,25851.24023438,19872933189
2023-06-11,25854.03125000,26203.43945312,25668.98632812,25940.16796875,10732609603
2023-06-12,25934.28515625,26087.91992188,25675.19726562,25902.50000000,11677889997
2023-06-13,25902.94140625,26376.35156250,25728.36523438,25918.72851562,14143474486
2023-06-14,25920.25781250,26041.80078125,24902.15234375,25124.67578125,14265717766
2023-06-15,25121.67382812,25735.30859375,24797.16796875,25576.39453125,15837384409
2023-06-16,25575.28320312,26463.17382812,25245.35742188,26327.46289062,16324646965
2023-06-17,26328.67968750,26769.39453125,26174.49218750,26510.67578125,11090276850
2023-06-18,26510.45703125,26675.92578125,26325.89062500,26336.21289062,9565695129
2023-06-19,26335.44140625,26984.61132812,26312.83203125,26851.02929688,12826986222
2023-06-20,26841.66406250,28388.96875000,26668.79101562,28327.48828125,22211859147
2023-06-21,28311.31054688,30737.33007812,28283.41015625,30027.29687500,33346760979
2023-06-22,29995.93554688,30495.99804688,29679.15820312,29912.28125000,20653160491
2023-06-23,29896.38281250,31389.53906250,29845.21484375,30695.46875000,24115570085
2023-06-24,30708.73828125,30804.14843750,30290.14648438,30548.69531250,12147822496
2023-06-25,30545.15039062,31041.27148438,30327.94335938,30480.26171875,12703464114
2023-06-26,30480.52343750,30636.02929688,29955.74414062,30271.13085938,16493186997
2023-06-27,30274.32031250,31006.78710938,30236.65039062,30688.16406250,16428827944
2023-06-28,30696.56054688,30703.27929688,29921.82226562,30086.24609375,14571500779
2023-06-29,30086.18750000,30796.25000000,30057.20312500,30445.35156250,13180860821
2023-06-30,30441.35351562,31256.86328125,29600.27539062,30477.25195312,26387306197
2023-07-01,30471.84765625,30641.28906250,30328.86523438,30590.07812500,9086606733
2023-07-02,30587.26953125,30766.14062500,30264.01953125,30620.76953125,10533418042
2023-07-03,30624.51562500,31375.61328125,30586.51367188,31156.43945312,15271884873
2023-07-04,31156.86523438,31325.19726562,30659.35546875,30777.58203125,12810828427
2023-07-05,30778.72460938,30877.33007812,30225.61328125,30514.16601562,12481622280
2023-07-06,30507.15039062,31460.05273438,29892.22656250,29909.33789062,21129219509
2023-07-07,29907.99804688,30434.64453125,29777.28515625,30342.26562500,13384770155
2023-07-08,30346.92187500,30374.43750000,30080.16015625,30292.54101562,7509378699
2023-07-09,30291.61132812,30427.58984375,30085.59179688,30171.23437500,7903327692
2023-07-10,30172.42382812,31026.08398438,29985.39453125,30414.47070312,14828209155
2023-07-11,30417.63281250,30788.31445312,30358.09765625,30620.95117188,12151839152
2023-07-12,30622.24609375,30959.96484375,30228.83593750,30391.64648438,14805659717
2023-07-13,30387.48828125,31814.51562500,30268.35156250,31476.04882812,23686079548
2023-07-14,31474.72070312,31582.25390625,29966.38671875,30334.06835938,20917902660
2023-07-15,30331.78320312,30407.78125000,30263.46289062,30295.80664062,8011667756
2023-07-16,30297.47265625,30437.56054688,30089.66992188,30249.13281250,8516564470
2023-07-17,30249.62695312,30336.40039062,29685.78320312,30145.88867188,13240156074
2023-07-18,30147.07031250,30233.65625000,29556.42773438,29856.56250000,13138897269
2023-07-19,29862.04687500,30184.18164062,29794.26953125,29913.92382812,12128602812
2023-07-20,29915.25000000,30195.53125000,29638.09570312,29792.01562500,14655207121
2023-07-21,29805.11132812,30045.99804688,29733.85156250,29908.74414062,10972789818
2023-07-22,29908.69726562,29991.61523438,29664.12109375,29771.80273438,7873300598
2023-07-23,29790.11132812,30330.64062500,29741.52734375,30084.53906250,9220145050
2023-07-24,30081.66210938,30093.39453125,28934.29492188,29176.91601562,15395817395
2023-07-25,29178.97070312,29353.16015625,29062.43359375,29227.39062500,10266772793
2023-07-26,29225.75976562,29675.55273438,29113.91210938,29354.97265625,13497554655
2023-07-27,29353.79882812,29560.96679688,29099.35156250,29210.68945312,10770779217
2023-07-28,29212.16406250,29521.51367188,29125.84570312,29319.24609375,11218474952
2023-07-29,29319.44531250,29396.84375000,29264.16601562,29356.91796875,6481775959
2023-07-30,29357.09375000,29443.16992188,29059.50195312,29275.30859375,8678454527
2023-07-31,29278.31445312,29489.87304688,29131.57812500,29230.11132812,11656781982
2023-08-01,29230.87304688,29675.73242188,28657.02343750,29675.73242188,18272392391
2023-08-02,29704.14648438,29987.99804688,28946.50976562,29151.95898438,19212655598
2023-08-03,29161.81250000,29375.70703125,28959.48828125,29178.67968750,12780357746
2023-08-04,29174.38281250,29302.07812500,28885.33593750,29074.09179688,12036639988
2023-08-05,29075.38867188,29102.46484375,28957.79687500,29042.12695312,6598366353
2023-08-06,29043.70117188,29160.82226562,28963.83398438,29041.85546875,7269806994
2023-08-07,29038.51367188,29244.28125000,28724.14062500,29180.57812500,13618163710
2023-08-08,29180.01953125,30176.79687500,29113.81445312,29765.49218750,17570561357
2023-08-09,29766.69531250,30093.43554688,29376.80078125,29561.49414062,18379521213
2023-08-10,29563.97265625,29688.56445312,29354.44726562,29429.59179688,11865344789
2023-08-11,29424.90234375,29517.77343750,29253.51757812,29397.71484375,10195168197
2023-08-12,29399.78710938,29465.11328125,29357.58789062,29415.96484375,6194358008
2023-08-13,29416.59375000,29441.43359375,29265.80664062,29282.91406250,7329897180
2023-08-14,29283.26367188,29660.25390625,29124.10546875,29408.44335938,14013695304
2023-08-15,29408.04882812,29439.12109375,29088.85351562,29170.34765625,12640195779
2023-08-16,29169.07421875,29221.97656250,28701.77929688,28701.77929688,14949271904
2023-08-17,28699.80273438,28745.94726562,25409.11132812,26664.55078125,31120851211
2023-08-18,26636.07812500,26808.19531250,25668.92187500,26049.55664062,24026236529
2023-08-19,26047.83203125,26249.44921875,25802.40820312,26096.20507812,10631443812
2023-08-20,26096.86132812,26260.68164062,26004.31445312,26189.58398438,9036580420
2023-08-21,26188.69140625,26220.20117188,25846.08789062,26124.14062500,13371557893
2023-08-22,26130.74804688,26135.50781250,25520.72851562,26031.65625000,14503820706
2023-08-23,26040.47460938,26786.89843750,25804.99804688,26431.64062500,16985265785
2023-08-24,26431.51953125,26554.91015625,25914.92578125,26162.37304688,12871532023
2023-08-25,26163.67968750,26248.10351562,25786.81250000,26047.66796875,12406045118
2023-08-26,26047.23437500,26107.38476562,25983.87890625,26008.46289062,6034817316
2023-08-27,26008.24218750,26165.37304688,25965.09765625,26089.69335938,6913768611
2023-08-28,26089.61523438,26198.57812500,25880.59960938,26106.15039062,11002805166
2023-08-29,26102.48632812,28089.33789062,25912.62890625,27727.39257812,29368391712
2023-08-30,27726.08398438,27760.16015625,27069.20703125,27297.26562500,16343655235
2023-08-31,27301.92968750,27456.07812500,25752.92968750,25931.47265625,20181001451
2023-09-01,25934.02148438,26125.86914062,25362.60937500,25800.72460938,17202862221
2023-09-02,25800.91015625,25970.28515625,25753.09375000,25868.79882812,10100387473
2023-09-03,25869.47265625,26087.14843750,25817.03125000,25969.56640625,8962524523
2023-09-04,25968.16992188,26081.52539062,25657.02539062,25812.41601562,10680635106
2023-09-05,25814.95703125,25858.37500000,25589.98828125,25779.98242188,11094740040
2023-09-06,25783.93164062,25953.01562500,25404.35937500,25753.23632812,12752705327
2023-09-07,25748.31250000,26409.30273438,25608.20117188,26240.19531250,11088307100
2023-09-08,26245.20898438,26414.00585938,25677.48046875,25905.65429688,10817356400
2023-09-09,25905.42578125,25921.97656250,25810.49414062,25895.67773438,5481314132
2023-09-10,25895.21093750,25978.13085938,25640.26171875,25832.22656250,7899553047
2023-09-11,25831.71484375,25883.94726562,24930.29687500,25162.65429688,14600006467
2023-09-12,25160.65820312,26451.93945312,25133.07812500,25833.34375000,18657279324
2023-09-13,25837.55468750,26376.11328125,25781.12304688,26228.32421875,13072077070
2023-09-14,26228.27734375,26774.62304688,26171.45117188,26539.67382812,13811359124
2023-09-15,26533.81835938,26840.49804688,26240.70117188,26608.69335938,11479735788
2023-09-16,26606.19921875,26754.76953125,26473.89062500,26568.28125000,7402031417
2023-09-17,26567.92773438,26617.99804688,26445.07421875,26534.18750000,6774210670
2023-09-18,26532.99414062,27414.73437500,26415.51562500,26754.28125000,15615339655
2023-09-19,26760.85156250,27488.76367188,26681.60546875,27211.11718750,13807690550
2023-09-20,27210.22851562,27379.50585938,26864.08203125,27132.00781250,13281116604
2023-09-21,27129.83984375,27152.93945312,26389.30078125,26567.63281250,13371443708
2023-09-22,26564.05664062,26726.07812500,26495.53320312,26579.56835938,10578746709
2023-09-23,26578.55664062,26634.18554688,26520.51953125,26579.39062500,7404700301
2023-09-24,26579.37304688,26716.05859375,26221.05078125,26256.82617188,8192867686
2023-09-25,26253.77539062,26421.50781250,26011.46875000,26298.48046875,11997833257
2023-09-26,26294.75781250,26389.88476562,26090.71289062,26217.25000000,9985498161
2023-09-27,26209.49804688,26817.84179688,26111.46484375,26352.71679688,11718380997
2023-09-28,26355.81250000,27259.50000000,26327.32226562,27021.54687500,14079002707
2023-09-29,27024.84179688,27225.93750000,26721.76367188,26911.72070312,10396435377
2023-09-30,26911.68945312,27091.79492188,26888.96875000,26967.91601562,5331172801
2023-10-01,26967.39648438,28047.23828125,26965.09375000,27983.75000000,9503917434
2023-10-02,27976.79882812,28494.45898438,27347.78710938,27530.78515625,19793041322
2023-10-03,27508.25195312,27667.19140625,27216.00195312,27429.97851562,11407814187
2023-10-04,27429.07421875,27826.65820312,27248.10546875,27799.39453125,11143355314
2023-10-05,27798.64648438,28091.86132812,27375.60156250,27415.91210938,11877253670
2023-10-06,27412.12304688,28252.53710938,27215.55273438,27946.59765625,13492391599
2023-10-07,27946.78125000,28028.09179688,27870.42382812,27968.83984375,6553044316
2023-10-08,27971.67773438,28102.16992188,27740.66210938,27935.08984375,7916875290
2023-10-09,27934.47265625,27989.47070312,27302.56250000,27583.67773438,12007668568
2023-10-10,27589.20117188,27715.84765625,27301.65429688,27391.01953125,9973350678
2023-10-11,27392.07617188,27474.11523438,26561.09960938,26873.32031250,13648094333
2023-10-12,26873.29296875,26921.43945312,26558.32031250,26756.79882812,9392909295
2023-10-13,26752.87890625,27092.69726562,26686.32226562,26862.37500000,15165312851
2023-10-14,26866.20312500,26969.00000000,26814.58593750,26861.70703125,5388116782
2023-10-15,26858.01171875,27289.16992188,26817.89453125,27159.65234375,7098201980
2023-10-16,27162.62890625,29448.13867188,27130.47265625,28519.46679688,27833876539
2023-10-17,28522.09765625,28618.75195312,28110.18554688,28415.74804688,14872527508
2023-10-18,28413.53125000,28889.00976562,28174.25195312,28328.34179688,12724128586
2023-10-19,28332.41601562,28892.47460938,28177.98828125,28719.80664062,14448058195
2023-10-20,28732.81250000,30104.08593750,28601.66992188,29682.94921875,21536125230
2023-10-21,29683.38085938,30287.48242188,29481.75195312,29918.41210938,11541146996
2023-10-22,29918.65429688,30199.43359375,29720.31250000,29993.89648438,10446520040
2023-10-23,30140.68554688,34370.43750000,30097.82812500,33086.23437500,38363572311
2023-10-24,33077.30468750,35150.43359375,32880.76171875,33901.52734375,44934999645
2023-10-25,33916.04296875,35133.75781250,33709.10937500,34502.82031250,25254318008
2023-10-26,34504.28906250,34832.91015625,33762.32421875,34156.64843750,19427195376
2023-10-27,34156.50000000,34238.21093750,33416.88671875,33909.80078125,16418032871
2023-10-28,33907.72265625,34399.39062500,33874.80468750,34089.57421875,10160330825
2023-10-29,34089.37109375,34743.26171875,33947.56640625,34538.48046875,11160323986
2023-10-30,34531.74218750,34843.93359375,34110.97265625,34502.36328125,17184860315
2023-10-31,34500.07812500,34719.25390625,34083.30859375,34667.78125000,15758270810
2023-11-01,34657.27343750,35527.92968750,34170.69140625,35437.25390625,22446272005
2023-11-02,35441.57812500,35919.84375000,34401.57421875,34938.24218750,20998158544
2023-11-03,34942.47265625,34942.47265625,34133.44140625,34732.32421875,17158456701
2023-11-04,34736.32421875,35256.03125000,34616.69140625,35082.19531250,9561294264
2023-11-05,35090.01171875,35340.33984375,34594.24218750,35049.35546875,12412743996
2023-11-06,35044.78906250,35286.02734375,34765.36328125,35037.37109375,12693436420
2023-11-07,35047.79296875,35892.41796875,34545.81640625,35443.56250000,18834737789
2023-11-08,35419.47656250,35994.41796875,35147.80078125,35655.27734375,17295394918
2023-11-09,35633.63281250,37926.25781250,35592.10156250,36693.12500000,37762672382
2023-11-10,36702.25000000,37493.80078125,36362.75390625,37313.96875000,22711265155
2023-11-11,37310.07031250,37407.09375000,36773.66796875,37138.05078125,13924272142
2023-11-12,37133.99218750,37227.69140625,36779.11718750,37054.51953125,11545715999
2023-11-13,37070.30468750,37405.11718750,36399.60546875,36502.35546875,19057712790
2023-11-14,36491.78906250,36753.35156250,34948.50000000,35537.64062500,23857403554
2023-11-15,35548.11328125,37964.89453125,35383.78125000,37880.58203125,27365821679
2023-11-16,37879.98046875,37934.62500000,35545.47265625,36154.76953125,26007385366
2023-11-17,36164.82421875,36704.48437500,35901.23437500,36596.68359375,22445028430
2023-11-18,36625.37109375,36839.28125000,36233.31250000,36585.70312500,11886022717
2023-11-19,36585.76562500,37509.35546875,36414.59765625,37386.54687500,12915986553
2023-11-20,37374.07421875,37756.82031250,36882.53125000,37476.95703125,20888209068
2023-11-21,37469.16015625,37631.14062500,35813.81250000,35813.81250000,25172163756
2023-11-22,35756.55468750,37856.98046875,35670.97265625,37432.33984375,24397247860
2023-11-23,37420.43359375,37643.91796875,36923.86328125,37289.62109375,14214948217
2023-11-24,37296.31640625,38415.33984375,37261.60546875,37720.28125000,22922957823
2023-11-25,37721.41406250,37892.42968750,37617.41796875,37796.79296875,9099571165
2023-11-26,37796.82812500,37820.30078125,37162.75000000,37479.12109375,13744796068
2023-11-27,37454.19140625,37559.35546875,36750.12890625,37254.16796875,19002925720
2023-11-28,37247.99218750,38368.48046875,36891.08984375,37831.08593750,21696137014
2023-11-29,37826.10546875,38366.11328125,37612.63281250,37858.49218750,20728546658
2023-11-30,37861.11718750,38141.75390625,37531.14062500,37712.74609375,18115982627
2023-12-01,37718.00781250,38954.10937500,37629.35937500,38688.75000000,23512784002
2023-12-02,38689.27734375,39678.93750000,38652.59375000,39476.33203125,15534035612
2023-12-03,39472.20703125,40135.60546875,39298.16406250,39978.39062500,15769696322
2023-12-04,39978.62890625,42371.75000000,39978.62890625,41980.09765625,39856129827
2023-12-05,41986.26562500,44408.66406250,41421.14843750,44080.64843750,36312154535
2023-12-06,44080.02343750,44265.76953125,43478.08203125,43746.44531250,29909761586
2023-12-07,43769.13281250,44042.58984375,42880.64843750,43292.66406250,27635760671
2023-12-08,43293.13671875,44705.51562500,43125.29687500,44166.60156250,24421116687
2023-12-09,44180.01953125,44361.25781250,43627.59765625,43725.98437500,17368210171
2023-12-10,43728.38281250,44034.62500000,43593.28515625,43779.69921875,13000481418
2023-12-11,43792.01953125,43808.37500000,40234.57812500,41243.83203125,40632672038
2023-12-12,41238.73437500,42048.30468750,40667.56250000,41450.22265625,24779520132
2023-12-13,41468.46484375,43429.78125000,40676.86718750,42890.74218750,26797884674
2023-12-14,42884.26171875,43390.85937500,41767.08984375,43023.97265625,25578530178
2023-12-15,43028.25000000,43087.82421875,41692.96875000,41929.75781250,19639442462
2023-12-16,41937.74218750,42664.94531250,41723.11328125,42240.11718750,14386729590
2023-12-17,42236.10937500,42359.49609375,41274.54296875,41364.66406250,16678702876
2023-12-18,41348.20312500,42720.29687500,40530.25781250,42623.53906250,25224642008
2023-12-19,42641.51171875,43354.29687500,41826.33593750,42270.52734375,23171001281
2023-12-20,42261.30078125,44275.58593750,42223.81640625,43652.25000000,27868908174
2023-12-21,43648.12500000,44240.66796875,43330.05078125,43869.15234375,22452766169
2023-12-22,43868.98828125,44367.95703125,43441.96875000,43997.90234375,21028503216
2023-12-23,44012.19921875,44015.69921875,43351.35546875,43739.54296875,13507796558
2023-12-24,43728.36718750,43945.52343750,42786.91796875,43016.11718750,18830554085
2023-12-25,43010.57421875,43765.09375000,42765.76953125,43613.14062500,21115795370
2023-12-26,43599.84765625,43603.17578125,41676.48828125,42520.40234375,30026850982
2023-12-27,42518.46875000,43683.16015625,42167.58203125,43442.85546875,25260941032
2023-12-28,43468.19921875,43804.78125000,42318.55078125,42627.85546875,22992093014
2023-12-29,42614.64453125,43124.32421875,41424.06250000,42099.40234375,26000021055
2023-12-30,42091.75390625,42584.12500000,41556.22656250,42156.90234375,16013925945
2023-12-31,42152.09765625,42860.93750000,41998.25390625,42265.18750000,16397498810
2024-01-01,42280.23437500,44175.43750000,42214.97656250,44167.33203125,18426978443